dsp_group_name,connection_type,business_line,product_category,ytd_current_year,ytd_previous_year,change_pct
DV360,Reseller,Open Auction - Seedtag,Display,20126121.58912672,4424756.358585749,354.85265081486835
Xandr,Direct,Direct Web - O&O,Display,15384935.017276198,10237875.065000067,50.27469000742389
DV360,Unknown,Direct External Web,Native,10674957.979763296,3622220.333321316,194.7075825720167
Amazon DSP,Reseller,Open Auction - Seedtag,Display,10556134.63716663,961859.0329881106,997.4721113106306
Xandr,Direct,Direct Web - O&O,Online Video,10443096.468600497,1926952.0764066563,441.9489460305928
DV360,Reseller,Open Auction - Seedtag,Online Video,9804045.449351322,2378608.2573033995,312.17570902011636
DV360,BidSwitch,Open Auction - Seedtag,Display,7518609.993253963,2442667.315339326,207.80327497072628
DV360,Reseller,PMP Web - O&O,Online Video,6053395.435051948,1187981.9491757501,409.5528125870882
DV360,Unknown,Direct External Web,Display,6024460.949106569,1890254.8392846682,218.71157390536902
DSP Not Found,Reseller,Open Auction - Seedtag,Display,5755054.632823965,13909339.540798891,-58.62452982801065
Amazon DSP,Reseller,Open Auction - Seedtag,Online Video,5200935.379089102,590591.2472904802,780.6319773532033
DV360,Reseller,PMP Web - O&O,Display,4879395.033462025,880664.9037566058,454.0580773286465
DV360,Reseller,PMP External Web,Display,4563159.618994413,1621341.5025159298,181.44345974697453
MSAN,Direct,Open Auction - Seedtag,Display,4058783.2048285794,165966.7348269539,2345.5401915694074
MSAN,Direct,Open Auction - Seedtag,Native,3710033.851527396,1174.681713975886,315733.1152504479
DV360,Reseller,PMP External Web,Online Video,3684954.9578730226,3191945.8201928916,15.445410588151466
TheTradeDesk,Reseller,PMP External Web,Online Video,3207345.2125200164,1813426.8388517099,76.86653488325767
RtbHouse,Direct,Open Auction - Seedtag,Native,3104666.8106308877,1772497.4303050302,75.15776088299341
TheTradeDesk,Reseller,PMP External Web,Display,2614594.1451580916,2018167.9769721888,29.55285065422093
DV360,Unknown,Direct External Web,Online Video,2343208.926838486,715790.1906085641,227.3597427824894
DSP Not Found,Reseller,Open Auction - Seedtag,Online Video,2135340.377716903,5745252.254477423,-62.83295696802908
DV360,Unknown,Direct External CTV,CTV,2024909.3224318572,62930.100782545414,3117.7118696010343
DV360,Reseller,Open Auction - Seedtag,Native,1681079.153871495,500180.8377904994,236.0942736825945
PubMatic ST,Reseller,Open Auction - BFM,CTV,1672450.3000000003,0,
TheTradeDesk,Direct,PMP CTV - O&O,CTV,1652998.45,384842.26,329.52622978567894
TheTradeDesk,Direct,PMP Web - O&O,Display,1584774.5297225574,953771.7068066071,66.15868539743721
Viant,Direct,Open Auction - BFM,CTV,1539056.6799999997,783850.3000000002,96.34574101713036
DSP Not Found,Reseller,Open Auction - Seedtag,Native,1505548.988946914,1775263.8720946724,-15.192946095924095
RtbHouse,Direct,Open Auction - Seedtag,Display,1430237.2749030923,782390.3356203828,82.80354572235488
TheTradeDesk,Direct,PMP Web - O&O,Online Video,1410367.2432456855,439797.85889138374,220.68533639541928
DV360,Reseller,PMP External CTV,CTV,1342700.74689857,446062.90520740167,201.01152353708213
TheTradeDesk,Direct,Open Auction - Seedtag,Online Video,1327302.4956705226,568774.4913905136,133.36181839406945
TheTradeDesk,Direct,Open Auction - Seedtag,Display,1271886.2794803474,429233.45221785235,196.3157398167598
StackAdapt,Direct,Open Auction - BFM,CTV,1248132.5500000003,106199.36000000003,1075.273137239245
Smadex,Reseller,Open Auction - Seedtag,Online Video,1134882.3536002145,133677.55351822881,748.9700205692777
BidSwitch,Reseller,Open Auction - Seedtag,Display,1122802.0701369294,587069.8385505293,91.255281127901
DV360,BidSwitch,PMP CTV - O&O,CTV,1014500.87,117782.73999999999,761.3323734869813
Outbrain/Teads,Direct,Open Auction - Seedtag,Native,999199.7257660197,712637.5331909084,40.211493112353956
Outbrain/Teads,Reseller,Open Auction - Seedtag,Native,976091.2157168553,246134.57970267927,296.56809575311786
TheTradeDesk,Direct,Open Auction - BFM,CTV,971847.4900000001,590360.8699999999,64.61922518679131
TheTradeDesk,Direct,DSP Marketplace - BFM,CTV,894116.6200000002,267874.12,233.78238256088355
DV360,BidSwitch,Open Auction - Seedtag,Online Video,884399.6792936686,384655.04728744883,129.92020656699341
Beeswax,Direct,Open Auction - BFM,CTV,777441.9800000003,85240.20000000001,812.0602485681641
TheTradeDesk,Direct,Direct External Web,Other,774655.2569904737,0,
Magnite,Reseller,Open Auction - Seedtag,Display,716244.9506323569,152009.5550894871,371.18416352887016
Yahoo DSP,Reseller,PMP External Web,Display,707840.280704542,475324.5667938333,48.917251527535655
StackAdapt,Direct,Open Auction - Seedtag,Display,671297.2162944402,0,
Viant,Direct,DSP Marketplace - BFM,CTV,656029.97,287845.1599999999,127.91071769280407
Pubmatic,Reseller,PMP External Web,Display,598498.1112897199,222494.3929932366,168.99469386085298
Outbrain/Teads,Direct,Open Auction - Seedtag,Display,589404.3604648428,256228.511429286,130.03074762330135
Magnite,Reseller,Open Auction - Seedtag,Online Video,582104.1895374419,160853.5895520506,261.8844883465152
Yahoo DSP,Reseller,PMP External Web,Online Video,576305.4625666845,330601.116085201,74.32048306157616
Pubmatic,Reseller,PMP External Web,Online Video,529353.6985532666,228860.29857098806,131.29992482687916
Pubmatic,Reseller,Direct External Web,Online Video,513668.752946708,0,
Sportradar,BidSwitch,Open Auction - Seedtag,Display,501424.8771582963,186452.56364654904,168.92892613095316
RtbHouse,Reseller,Open Auction - Seedtag,Display,482604.41579800635,88163.01813692824,447.40006183597427
DeepIntent,Reseller,PMP External Web,Display,471550.0839843013,50025.32501317507,842.6227293078258
Adobe DSP,Reseller,PMP External Web,Online Video,447146.24468143866,30054.415712190403,1387.7888459500853
Quantcast,Reseller,Open Auction - Seedtag,Display,445768.41130375816,75571.11741781492,489.8661109365494
NextRoll,BidSwitch,Open Auction - Seedtag,Display,444122.44873633154,0,
Nexxen,Direct,Open Auction - Seedtag,Display,443305.4773443918,209933.86398071607,111.16434906619573
StackAdapt,Direct,Open Auction - Seedtag,Native,439747.60618637706,0,
LinkedIn,Reseller,Open Auction - Seedtag,Native,432442.21142180037,22535.50304194579,1818.9374677675792
TheTradeDesk,Direct,Select - BFM,CTV,428794.92,594703.9200000002,-27.89774784063978
Conversant,Reseller,Open Auction - Seedtag,Online Video,416427.8357675944,260666.5483885288,59.754996696737706
StackAdapt,Reseller,Open Auction - Seedtag,Display,413256.96781460615,97039.61197547626,325.86420061020436
Criteo,Reseller,Open Auction - Seedtag,Display,406640.4767195323,58175.68195329129,598.987039027785
Smaato,Reseller,Open Auction - Seedtag,Online Video,391216.55123275367,13704.776401883952,2754.6000296580864
StackAdapt,Direct,Open Auction - Seedtag,Online Video,390894.8043661945,0,
Opera,Direct,Open Auction - Seedtag,Native,381604.659308464,110776.30825250808,244.48219599322496
Xandr,Direct,Open Auction - Seedtag,Display,380262.8397077981,273866.7624107681,38.84957647304727
Equativ Direct Demand,Reseller,Open Auction - Seedtag,Display,376361.14579933626,32230.254733302623,1067.7262525959895
Adform,Reseller,Open Auction - Seedtag,Display,374605.56569554796,112375.62635107784,233.35125939607724
Amazon DSP,Reseller,PMP External Web,Display,374478.1277158898,379.7590231831479,98509.40882378683
LinkedIn,Reseller,Open Auction - Seedtag,Display,372077.3683326285,39988.60349992098,830.4585200965164
Outbrain/Teads,Reseller,Open Auction - Seedtag,Display,370568.0106106901,104877.267355703,253.33492181281494
Nexxen,Direct,Open Auction - Seedtag,Online Video,370472.0926795244,38225.433273174545,869.176961401535
Amazon DSP,Reseller,PMP External Web,Online Video,363223.5076890134,39321.772379863076,823.72109827639
Viant,Direct,PMP CTV - O&O,CTV,360876.3999999999,35584.18,914.148422135904
Xandr,Reseller,Open Auction - Seedtag,Online Video,354617.75795786246,71880.3944323278,393.3442015148085
DeepIntent,Reseller,PMP External Web,Online Video,348389.66958235524,7973.983488242882,4269.079395461917
GroundTruth,Direct,DSP Marketplace - BFM,CTV,329467.79,85780.38,284.0829219921851
StackAdapt,Reseller,Open Auction - Seedtag,Native,328281.134027906,39071.57862733284,740.2044287973926
Xandr,Reseller,Open Auction - Seedtag,Display,323602.93802259146,87457.27437195819,270.012603692975
Adobe DSP,Reseller,PMP External Web,Display,317494.95448768104,8772.707461032855,3519.121644007274
Amobee,Direct,Open Auction - BFM,CTV,306292.47,40964.73,647.6980075298922
Yahoo DSP,Direct,Select - BFM,CTV,294018.67,456641.51000000007,-35.61280269943047
Pubmatic,Reseller,Open Auction - Seedtag,Display,292234.51691895013,62656.580252662636,366.4067456929736
StackAdapt,Direct,DSP Marketplace - BFM,CTV,287498.06,63735.219999999994,351.08192926924863
Basis Technologies,Reseller,Open Auction - Seedtag,Online Video,287410.9841280679,59061.54952639357,386.629603240648
Nexxen,Reseller,PMP External Web,Display,286311.43638995296,230974.00289963043,23.95829521747924
Beeswax,Direct,DSP Marketplace - BFM,CTV,282084.28,86927.67,224.50459100077114
Conversant,Reseller,Open Auction - Seedtag,Display,277659.94608931174,43701.47256218215,535.3560413650448
DV360,Reseller,PMP External Web,Native,246759.91800467973,200498.75028494323,23.07304541997963
Baidu,Reseller,Open Auction - Seedtag,Display,246147.19285188674,16792.97580159347,1365.7747129518882
Samsung DSP,BidSwitch,DSP Marketplace - BFM,CTV,238837.80999999997,136.31,175116.64588071304
Conversant,Direct,DSP Marketplace - BFM,CTV,236147.42,49940.049999999996,372.8618012997585
Viant,Reseller,Open Auction - Seedtag,Display,232926.25921422054,15015.350956716553,1451.2541790442117
TrueX,Direct,Open Auction - BFM,CTV,232895.43999999994,128240.07999999999,81.60893224645523
Adtheorent,Reseller,PMP External Web,Display,230570.11735200186,99087.92666577217,132.69244307606186
Amazon DSP,Reseller,PMP Web - O&O,Display,230302.11795382196,694.752001085144,33048.82398238644
Nexxen,Reseller,Open Auction - Seedtag,Online Video,226675.57946281685,143083.65183067785,58.42171803880147
Adobe DSP,Reseller,PMP External CTV,CTV,226230.94723243164,91532.06114437242,147.16033311606552
DV360,BidSwitch,PMP Web - O&O,Display,224609.9772866573,111366.22647466487,101.68590101035224
Bidtellect,Reseller,Open Auction - Seedtag,Display,222255.61080933674,1378.0058523981716,16028.785695832914
Yahoo DSP,Reseller,Open Auction - Seedtag,Display,222148.66030024708,283148.78095575824,-21.543486943368606
DV360,BidSwitch,PMP Web - O&O,Online Video,219539.8662194825,174.56758509902284,125662.10302442421
TheTradeDesk,Reseller,PMP External CTV,CTV,214148.90562844859,309931.99313245626,-30.904549909783814
Nexxen,Reseller,PMP External Web,Online Video,202496.1704486954,65053.89012127608,211.27449883657056
Octillion,Direct,DSP Marketplace - BFM,CTV,197479.65,137214.81,43.92006956100438
Zeta DSP,BidSwitch,Open Auction - BFM,CTV,188556.55999999997,195428.00999999998,-3.516102937342509
Marketing Architects,Direct,Open Auction - BFM,CTV,187535.79,153719.74000000005,21.998508454411873
Blis Media,Reseller,Open Auction - Seedtag,Online Video,186726.4407004014,14195.100170597754,1215.4288342900672
BidSwitch,Reseller,Open Auction - Seedtag,Native,186687.98833320948,52111.91224015381,258.2443635398985
MadHive,Direct,DSP Marketplace - BFM,CTV,186436.15999999992,193458.62,-3.6299545608255035
Basis Technologies,Direct,Open Auction - BFM,CTV,185838.66999999998,237615.19999999998,-21.79007487736475
Amazon DSP,Reseller,PMP Web - O&O,Online Video,180902.9877227574,3319.4197561107576,5349.83765279251
Pubmatic,Reseller,PMP External CTV,CTV,178286.27968643076,0,
SmartAdServerORTB,Reseller,PMP External Web,Display,177593.77362542725,62795.96912511273,182.81078562796753
Basis Technologies,Reseller,Open Auction - Seedtag,Display,174095.8998396251,30488.474913384875,471.0220020326255
LinkedIn,Reseller,Open Auction - Seedtag,Online Video,162911.43921616362,2825.001062923111,5666.77443963842
Nexxen,Reseller,Open Auction - Seedtag,Display,157552.8266616768,8071.400171792691,1851.988791390623
StackAdapt,BidSwitch,Open Auction - Seedtag,Display,154521.57107317122,0,
LoopMe,Reseller,Open Auction - Seedtag,Online Video,154516.0975636104,27490.812124954056,462.06450672060186
Xandr,Reseller,Open Auction - Seedtag,Native,151563.94805747358,46457.28841339206,226.24363847671927
Pubmatic,Reseller,Open Auction - Seedtag,Online Video,150621.4527533588,29373.214720523218,412.7850464665647
Active Agent,Reseller,Open Auction - Seedtag,Display,142269.61798193183,18571.314974766763,666.0718596137998
TheTradeDesk,Direct,Open Auction - Seedtag,Native,141878.73992257353,57408.090896106,147.1406690379895
OpenX,Reseller,Open Auction - Seedtag,Online Video,141038.0425429074,57343.18529360541,145.95432189679073
SmartAdServerVideo,Reseller,PMP External Web,Online Video,139653.48483149114,68120.2762564609,105.01015630899711
Viant,Direct,Select - BFM,CTV,139413.35000000006,46487.37999999999,199.8950467847405
Criteo,Reseller,Open Auction - Seedtag,Native,138119.42780259316,7614.407466104691,1713.922204944084
StackAdapt,Reseller,Open Auction - Seedtag,Online Video,134293.61734809578,73466.75735852496,82.79507926657195
Yahoo DSP,Reseller,PMP External Web,Native,133725.35257368747,0,
BidSwitch,Reseller,Open Auction - Seedtag,Online Video,130012.84696704338,79667.45312244644,63.19443119038537
Smadex,Reseller,Open Auction - Seedtag,Display,125978.54288596357,7120.757766444647,1669.173268042004
Yahoo DSP,Reseller,Open Auction - Seedtag,Online Video,124949.64140122762,91325.58562095634,36.81778282794349
Xandr,Direct,Open Auction - Seedtag,Native,123754.36740262683,27945.787308060415,342.83729078168534
Equativ Direct Demand,Reseller,Open Auction - Seedtag,Online Video,122873.48152231576,23488.699108148576,423.11744024891163
Conversant,Direct,Open Auction - Seedtag,Online Video,122716.60299176624,0,
Xandr,Direct,Open Auction - BFM,CTV,120293.31,64524.73000000001,86.42977661433063
Adform,Reseller,PMP Web - O&O,Display,119020.25170733314,21579.277514874935,451.54882560498424
Yahoo DSP,Direct,Open Auction - BFM,CTV,115978.31999999998,33840.55,242.71996170275
Basis Technologies,Direct,DSP Marketplace - BFM,CTV,111384.75999999997,324396.43,-65.66399944660304
DV360,BidSwitch,Open Auction - BFM,CTV,110813.01000000007,85777.48000000004,29.186600026020834
Adtelligent,Direct,Open Auction - BFM,CTV,109008.82999999996,64845.05,68.10663265738857
Sharethrough,Direct,Open Auction - BFM,CTV,105600.27999999997,50427.359999999986,109.4106849932259
Viant,Direct,Open Auction - Seedtag,Display,104768.00156129514,0,
OpenX,Reseller,Open Auction - Seedtag,Display,104051.59715472099,16972.930531029906,513.044382432921
Yahoo DSP,Direct,DSP Marketplace - BFM,CTV,104023.54000000001,23523.420000000002,342.2126544524563
Hawk DSP,Reseller,Open Auction - Seedtag,Display,101166.35547829137,11059.542483795896,814.7426815034818
Nexxen,Reseller,PMP External Web,Native,98429.99976220152,0,
Quantcast,Reseller,Open Auction - Seedtag,Online Video,95130.06781514996,20902.982730045325,355.1028388805624
Amobee,Direct,PMP CTV - O&O,CTV,94980.37000000001,7157.91,1226.928810225331
DeepIntent,Reseller,Open Auction - Seedtag,Online Video,93990.79491217139,78076.77405623859,20.38252866911478
TheTradeDesk,Direct,Direct External Web,Display,92339.32630887865,64315.92491485483,43.57148160602965
RtbHouse,Reseller,Open Auction - Seedtag,Native,87749.49345236336,34777.27214368351,152.31850586159624
Illumin,Direct,Open Auction - Seedtag,Display,84744.99019187968,18016.002448033818,370.38731503463106
LoopMe,Direct,Open Auction - BFM,CTV,83938.34999999999,74035.20999999999,13.37625705390719
Nexxen,Reseller,PMP Web - O&O,Online Video,82502.4435787201,0,
PulsePoint,Reseller,PMP External Web,Display,80711.99942672689,0,
Viant,Reseller,Open Auction - Seedtag,Online Video,80709.57010270975,4747.1900598840075,1600.1545985011985
Simpli.fi,Reseller,Open Auction - Seedtag,Display,76861.33832507451,27313.981626059074,181.39924591493636
Adobe DSP,Reseller,Open Auction - Seedtag,Display,74727.33565135906,19559.338413950103,282.05451569906916
Smaato,Reseller,Open Auction - Seedtag,Display,74130.91946141934,40256.89899855114,84.14463434972309
Lemma DSP,Direct,Open Auction - BFM,CTV,73816.74,44174.45,67.10279358316858
TheTradeDesk,Reseller,PMP External Web,Native,73715.2944633382,9584.564197039354,669.1042904810284
Amazon DSP,Reseller,PMP External CTV,CTV,73368.03812881315,0,
Blis Media,Reseller,Open Auction - Seedtag,Display,73350.78025621892,15873.807068103342,362.0868827592669
Opera,Direct,Open Auction - Seedtag,Display,72263.524393325,40804.177361934635,77.09834890762468
Zeta DSP,BidSwitch,DSP Marketplace - BFM,CTV,71699.21999999999,126013.56999999996,-43.1019849687617
Nexxen,Direct,Open Auction - Seedtag,Native,70839.95063654045,0,
Pubmatic,Reseller,Direct External Web,Display,70716.68900445758,0,
TheTradeDesk,Direct,Open Auction - BFM,Display,70699.19,72483.83,-2.462121551799897
Xandr,Direct,Open Auction - Seedtag,Online Video,69970.5551675248,33704.36417496868,107.60087567380975
Viant,Reseller,PMP Web - O&O,Display,67938.73376951553,0,
Yahoo DSP,Reseller,PMP Web - O&O,Display,66886.16280959919,140.49455035477877,47507.656411367796
Conversant,Direct,Open Auction - Seedtag,Display,66537.84285543334,0,
Viant,Direct,Open Auction - Seedtag,Online Video,65794.79320310627,0,
Adform,Reseller,PMP Web - O&O,Online Video,64455.764023430645,41664.739858173765,54.70098755647397
sky media,Direct,Open Auction - BFM,CTV,64351.89000000001,81661.56,-21.19683973708069
Adobe DSP,Reseller,Open Auction - Seedtag,Online Video,63991.870312963336,10441.4057838421,512.8664246723338
Smadex,Reseller,Open Auction - Seedtag,Native,62202.83250500766,2266.238767538045,2644.7607637822925
Go.Pl,Reseller,Open Auction - Seedtag,Display,61472.99007149403,857.6295832098112,7067.7786395172925
Cognitiv,Reseller,Open Auction - Seedtag,Display,61189.99559359274,17355.60147244009,252.56626335168906
JamLoop OpenRTB,Direct,DSP Marketplace - BFM,CTV,60087.70999999998,159921.66999999998,-62.42678681381955
DSP Not Found,Reseller,Direct Web - O&O,Display,57648.795717779314,0,
Adform,Reseller,Open Auction - Seedtag,Online Video,57151.624510960224,64649.859006378436,-11.598222502973172
SundaySky,Reseller,Open Auction - Seedtag,Online Video,54672.63237399631,9404.20913681807,481.3634254469046
Yahoo DSP,Reseller,Open Auction - Seedtag,Native,52866.09180305521,16671.018556114486,217.1137481798635
Cognitiv,Reseller,Open Auction - Seedtag,Online Video,50707.54838490077,24506.61331032781,106.91373280669146
Blockboard DSP,Reseller,Open Auction - Seedtag,Online Video,50216.47684709091,15840.260924871727,217.0179903302165
Aqua DSP - RTB,Reseller,Open Auction - Seedtag,Online Video,49462.12478373526,0,
Clickagy,Reseller,Open Auction - Seedtag,Display,48649.81077142549,15119.69789412908,221.764436776981
DeepIntent,Direct,DSP Marketplace - BFM,CTV,45946.159999999996,3281.4700000000007,1300.1700457416944
Yahoo DSP,Reseller,PMP Web - O&O,Online Video,45906.254118273035,0,
Opera,Reseller,Open Auction - Seedtag,Display,45849.804543332735,1231.350207487375,3623.538946478216
DeepIntent,Reseller,PMP External CTV,CTV,45452.919762034726,0,
Zeta DSP,Reseller,Open Auction - Seedtag,Display,45297.01065308984,19840.70109657733,128.30347794969762
Baidu,Reseller,Open Auction - Seedtag,Native,45002.97593593166,6213.035368957676,624.3315587865636
Quantcast,Reseller,Open Auction - Seedtag,Native,44192.11022586547,0,
RtbHouse,Direct,Open Auction - Seedtag,Online Video,43467.9908830729,82121.5341825327,-47.06870577155077
Molocoads DSP,Reseller,Open Auction - Seedtag,Online Video,43040.837612463096,8861.86576804411,385.68595755160686
Pubmatic,Reseller,Direct External CTV,CTV,41802.16524437279,0,
Adtheorent,Direct,Open Auction - BFM,CTV,40929.81000000001,54046.130000000005,-24.268749677358937
TheTradeDesk,Direct,Direct External CTV,CTV,39906.28051079049,483076.94012659765,-91.73914604569359
Storygize,Reseller,Open Auction - Seedtag,Display,38655.108617602134,3740.902431156428,933.309724831627
Emodo,Reseller,Open Auction - Seedtag,Online Video,37909.9879776108,0,
Quantcast,Reseller,PMP Web - O&O,Online Video,35927.337543964386,0,
ClearLine,Reseller,Open Auction - Seedtag,Online Video,35778.56694869449,30.59005125812837,116861.44817406095
33Across,Reseller,Open Auction - Seedtag,Display,35019.43697134554,2981.9858235508145,1074.3663130378657
Basis Technologies,Reseller,Open Auction - Seedtag,Native,34629.951960843275,11060.624888823433,213.09218338862783
Equativ Direct Demand,Reseller,PMP External Web,Online Video,34192.472846270604,0,
TAPTAP,Reseller,Open Auction - Seedtag,Display,33238.8300293622,5740.803183231939,478.99267695586644
Storygize,Reseller,Open Auction - Seedtag,Native,32958.71150775965,4310.6704940247,664.5843391056186
Simpli.fi,Reseller,Open Auction - Seedtag,Online Video,32571.495029881215,11362.29780277051,186.6629232507811
LoopMe,Reseller,Open Auction - Seedtag,Display,30892.031189548085,1367.325636973328,2159.303150193964
DSP Not Found,Reseller,Direct Web - O&O,Online Video,30234.370762643404,0,
JamLoop OpenRTB,Direct,Select - BFM,CTV,30231.179999999997,247.15000000000003,12131.915840582638
MSAN,Direct,Open Auction - Seedtag,Online Video,30105.25068189922,6052.613304275171,397.3925999970101
Travelaudience,Reseller,Open Auction - Seedtag,Display,29259.62825174751,7743.089287261071,277.88054827012576
OC GROUP TECNOLOGIA DA INFORMACAO LTDA,Reseller,Open Auction - Seedtag,Display,28050.205065962055,2979.544844818285,841.4258394111456
DSP Not Found,Direct,Open Auction - BFM,CTV,25226.980000000003,5115.590000000001,393.13920779421335
Conversant,Direct,Open Auction - BFM,CTV,24894.240000000005,283130.2300000003,-91.20749486905727
Equativ Direct Demand,Reseller,Open Auction - Seedtag,Native,24143.87033095176,148.624823419319,16144.84374513539
Madopi,Reseller,Open Auction - Seedtag,Display,23731.431176315178,3054.3734231244307,676.9656125425366
Amazon DSP,BidSwitch,Open Auction - BFM,CTV,23656.22,65784.2,-64.03966301938763
DSP Not Found,Reseller,PMP Web - O&O,Display,23362.55109665403,3234066.62566664,-99.27761070501019
Sharethrough,Reseller,Open Auction - Seedtag,Online Video,23210.684658330327,6099.76442327816,280.5177224509327
EASYmedia,Reseller,Open Auction - Seedtag,Display,22892.85443710617,65.69598378377486,34746.65746456191
RtbHouse,Direct,PMP Web - O&O,Display,22249.949083931977,4200.929999203887,429.6434143903502
Pubmatic,Direct,Open Auction - BFM,CTV,21825.350000000024,0,
Pubmatic,Reseller,Direct External Web,Native,21554.67203043021,0,
LiquidM,Reseller,Open Auction - Seedtag,Display,21399.780494089006,7733.801772612685,176.70453837944163
AdXperience,Reseller,Open Auction - Seedtag,Native,20723.036556827807,5953.440414934972,248.0850585963941
Illumin,Reseller,Open Auction - Seedtag,Display,20427.934561039663,6638.580066625315,207.71542040652207
Adtheorent,Reseller,Open Auction - Seedtag,Online Video,20037.935633952653,16335.200560857185,22.667215252734966
Opera,Reseller,Open Auction - Seedtag,Native,19773.41000357015,1239.307536819255,1495.5208385417877
Illumin,Direct,Open Auction - Seedtag,Online Video,19730.737544586216,8931.43074608309,120.91351436878352
Pubmatic,Reseller,Open Auction - Seedtag,Native,19172.68797689343,1409.1184863215458,1260.6157440275342
SmartAdServerORTB,Reseller,PMP External Web,Native,18962.439451988168,0,
Eskimi,Reseller,Open Auction - Seedtag,Display,18850.56212365275,4593.684807486037,310.35819638589885
OneTag,Reseller,Open Auction - Seedtag,Display,18622.27886793131,9581.87126352539,94.34908230106763
Kayzen OpenRTB,Reseller,Open Auction - Seedtag,Display,18407.136817762046,2205.110323059489,734.7490202768173
Adipolo,Reseller,Open Auction - Seedtag,Display,17935.835321473718,0,
Zeta DSP,Reseller,Open Auction - Seedtag,Online Video,17838.029905609492,12938.427976693274,37.8686030307712
Appier,Reseller,Open Auction - Seedtag,Online Video,17412.5461291507,685.2823267394342,2440.9302778899037
Mediasmart,Reseller,Open Auction - Seedtag,Display,16869.195010958218,3000.6714756498204,462.18067015500435
Beeswax,Direct,Open Auction - Seedtag,Display,16823.416578023418,25468.729955543895,-33.94481543685539
Walmart,Direct,Select - BFM,CTV,16731.870000000003,28423.33,-41.1333225206195
Basis Technologies,Reseller,PMP External Web,Display,16673.855225771546,1697.8224291253885,882.0729741661422
GroundTruth,Direct,Open Auction - BFM,CTV,16496.01,83221.53,-80.17819427256384
DV360,BidSwitch,Select - BFM,CTV,16265.74,5569.699999999999,192.03978670305406
TAPTAP,Reseller,Open Auction - Seedtag,Online Video,15686.378791773102,5561.507017451324,182.05266562734124
Sharethrough,Reseller,Open Auction - Seedtag,Display,15627.521284012706,3030.630676811503,415.6524483034096
Outbrain/Teads,Direct,Open Auction - Seedtag,Online Video,15415.53332516014,0,
Pubmatic,Reseller,PMP External Web,Native,14837.125783447937,11362.421618480306,30.580665650676345
LiquidM,Reseller,Open Auction - Seedtag,Native,14396.609922857126,2569.4476164054504,460.29980260883394
Opt Out Advertising B.V.,Reseller,Open Auction - Seedtag,Display,14306.40267601884,813.0326027472893,1659.6345617231818
RtbHouse,Reseller,Open Auction - Seedtag,Online Video,14169.488365329476,3902.5377444230926,263.08395442371653
Valassis OpenRTB,Reseller,Open Auction - Seedtag,Display,13731.38356915299,3475.118663634319,295.1342356405335
Beeswax,Direct,Open Auction - Seedtag,Online Video,12729.196939464986,18074.11463327019,-29.572224157339743
TheTradeDesk,Direct,Direct External Web,Native,12662.759201942461,0,
Sportradar,BidSwitch,Open Auction - Seedtag,Online Video,12560.365801323282,1207.4210426201307,940.2639475345738
MGID Inc,Reseller,Open Auction - Seedtag,Native,12500.393734280915,0,
AppNexus,Direct,Direct External Web,Native,11825.137421017913,76564.94877834963,-84.5554165323732
Madopi,BidSwitch,Open Auction - Seedtag,Native,11325.947243735896,0,
Viant,Direct,PMP Web - O&O,Display,11173.209381103516,0,
PlayWire,Direct,Open Auction - BFM,CTV,10826.64,1154.42,837.8423797231509
Verve,Reseller,Open Auction - Seedtag,Display,10771.174679687247,190.74606307563954,5546.866051131018
IQM,Reseller,Open Auction - Seedtag,Online Video,10650.214702553058,96.30401942954632,10958.951397500596
Temu,Reseller,Open Auction - Seedtag,Display,10582.963309718518,0.016881604038644582,62689223.15609636
Azira,Reseller,Open Auction - Seedtag,Display,10569.687004457024,189.8439735751017,5467.565198626486
Viant,Direct,Open Auction - BFM,Display,10505.939999999999,20170.059999999994,-47.91319411047859
Soapbox,Reseller,Open Auction - Seedtag,Native,10504.880076634465,1400.1218958990648,650.2832508657349
DV360,Reseller,PMP Web - O&O,Native,10499.628346011508,0,
Criteo,Reseller,Open Auction - Seedtag,Online Video,10460.656098996318,3359.6044397978403,211.36570648256955
Adello Group AG,Reseller,Open Auction - Seedtag,Display,10258.547696082183,1004.5605099324894,921.1975878657225
Octillion,Direct,Open Auction - BFM,CTV,10166.89,817.4000000000002,1143.8084169317344
VDX,Reseller,Open Auction - Seedtag,Display,10093.867395034511,16545.166578046163,-38.992047330438496
Walmart,Direct,Open Auction - BFM,CTV,9943.22,30878.839999999997,-67.7992437539752
Amazon DSP,BidSwitch,Open Auction - Seedtag,Online Video,9917.616591224902,0,
DeepIntent,Reseller,Open Auction - Seedtag,Display,9715.555012240993,18095.694625413686,-46.310129490158296
Madopi,BidSwitch,Open Auction - Seedtag,Display,9604.185244248496,0,
Basis Technologies,Direct,Open Auction - BFM,Display,9271.869999999995,57968.98000000002,-84.00546292172125
Stirista,Direct,DSP Marketplace - BFM,CTV,8889.14,7416.969999999999,19.848671357710764
DeepIntent,Reseller,PMP Web - O&O,Online Video,8557.465642213821,0,
Media.net,Reseller,Open Auction - Seedtag,Display,8442.631930261168,639.0495449431965,1221.1232207373864
Walmart,Direct,DSP Marketplace - BFM,CTV,8320.27,2535.72,228.12258451248567
Hawk DSP,Reseller,Open Auction - Seedtag,Online Video,8252.521122955182,2060.94000729431,300.42510183445097
Basis Technologies,Direct,Select - BFM,CTV,8042.880000000001,3366.36,138.9191886785727
SmartyAds,Direct,Open Auction - BFM,CTV,7808.849999999998,25108.23999999999,-68.8992537907874
Jaduda (Splicky),Reseller,Open Auction - Seedtag,Display,7531.9092099468135,3243.021427068088,132.24975163843342
Mediasmart,Reseller,Open Auction - Seedtag,Online Video,7458.264820042223,665.7500786771416,1020.2799757623673
Pubmatic,Reseller,PMP Web - O&O,Online Video,7382.3740234375,0,
RtbHouse,Direct,PMP Web - O&O,Native,7332.059593609534,861.041680008173,751.5336439392735
Walmart,Direct,PMP CTV - O&O,CTV,7287.639999999999,0,
Simpli.fi,Reseller,PMP External Web,Display,7110.834230053531,0,
Soapbox,Reseller,Open Auction - Seedtag,Display,7105.804313385044,1716.3205307405442,314.01382702793217
Demandbase,Direct,Open Auction - BFM,CTV,6295.629999999999,2438.120000000001,158.2165767066427
Bidtellect,Reseller,Open Auction - Seedtag,Online Video,6216.110498314731,533.3744189088466,1065.430938932424
Quantcast,BidSwitch,Open Auction - BFM,CTV,6016.579999999998,264.68999999999994,2173.0666062185956
Cox Automotive DSP,Reseller,Open Auction - Seedtag,Display,5692.284018903476,1814.4029182529048,213.72767105029774
OnSpot Data,BidSwitch,Open Auction - BFM,CTV,5475.189999999999,3322.39,64.79672765689756
LoopMe,Direct,DSP Marketplace - BFM,CTV,5463.900000000001,0,
AdMixerBidswitch,BidSwitch,Open Auction - Seedtag,Display,5434.210742877654,0,
Outbrain/Teads,Reseller,Open Auction - Seedtag,Online Video,5410.551473718184,488.53186648069595,1007.5124971263216
Yahoo DSP,Direct,Open Auction - BFM,Display,5397.680000000001,1005.8099999999998,436.6500631331964
Sharethrough,Reseller,Open Auction - Seedtag,Native,5377.230384817245,731.4748768222635,635.1216774768089
Pelmorex Audience,Reseller,Open Auction - Seedtag,Display,5216.62531430152,964.2327757208841,441.0130671404986
Active Agent,Reseller,Open Auction - Seedtag,Online Video,5114.678580368861,310.58045290683185,1546.8127766891905
DV360,Unknown,Direct External Web,Other,4806.849280995308,0,
Illumin,Reseller,Open Auction - Seedtag,Online Video,4699.731494235632,3049.559806433029,54.111799490587984
Exponential DSP,Reseller,Open Auction - Seedtag,Display,4607.010766913023,151.51841361556944,2940.561643287707
Marketing Architects,Direct,DSP Marketplace - BFM,CTV,4420.98,0,
StackAdapt,BidSwitch,Open Auction - Seedtag,Online Video,4224.697771516938,0,
Quantcast,Reseller,PMP External Web,Online Video,4158.387349,0,
Sqreem,Reseller,Open Auction - Seedtag,Display,4132.992030865704,266.4175220686375,1451.3213991236341
AdRoll,Reseller,Open Auction - Seedtag,Display,4102.629887586293,51.7447411891917,7828.592922295337
Viant,Reseller,PMP Web - O&O,Online Video,4077.5584845095873,0,
TAPTAP,Reseller,PMP Web - O&O,Display,4041.2814887799323,93.6803149820771,4213.906811215472
Yoc,Reseller,Open Auction - Seedtag,Display,4008.821997603867,1.044330761214951,383765.16480086185
StackAdapt,Direct,PMP Web - O&O,Display,3933.1142863812856,0,
Basis Technologies,Reseller,PMP Web - O&O,Display,3761.9075021743774,0,
Conversant,Direct,Open Auction - BFM,Display,3751.0400000000004,7768.029999999998,-51.711823975963
TheTradeDesk,Direct,PMP - Curation,Online Video,3516.9335262689856,0,
Crimtan DSP,Reseller,Open Auction - Seedtag,Display,3324.3010221455797,126.95285950321704,2518.531819727417
BidSwitch,Reseller,PMP Web - O&O,Display,3257.462196493987,30381.54839490913,-89.27815608950391
Soapbox,Reseller,Open Auction - Seedtag,Online Video,3256.2750067338347,717.9635600375477,353.543214165847
Sqreem,Reseller,Open Auction - Seedtag,Online Video,3243.722358604464,456.8945385513507,609.9499085476374
MadHive,Reseller,Open Auction - Seedtag,Online Video,3235.939189869974,804.4903649796033,302.23467312153787
VDX,Reseller,Open Auction - Seedtag,Online Video,3042.340589560161,13761.89053506697,-77.89300400400725
AdRoll,Reseller,Open Auction - Seedtag,Online Video,2939.5572918894113,0,
Walmart,Direct,Open Auction - BFM,Display,2935.490000000001,9528.730000000003,-69.19327129638471
Converge Digital,Reseller,Open Auction - Seedtag,Display,2886.1570999955293,0,
Infillion,Reseller,Open Auction - Seedtag,Online Video,2874.2006372797396,402.56561815549503,613.9707187238108
Infillion,BidSwitch,Open Auction - BFM,CTV,2782.72,20026.090000000004,-86.10452664499161
Madopi,Reseller,Open Auction - Seedtag,Online Video,2664.782317492067,0,
Tara Group,Reseller,Open Auction - Seedtag,Online Video,2660.0138534903526,2649.852497152053,0.38346875342007897
A.Mob,Reseller,Open Auction - Seedtag,Native,2439.1879921270956,6.516197490593186,37332.6897803254
Eskimi,Reseller,Open Auction - Seedtag,Online Video,2366.284366911642,1582.7980852834735,49.5000776733849
Kayzen OpenRTB,Reseller,Open Auction - Seedtag,Online Video,2360.3764332536084,323.3485865506009,629.9788931918627
Xandr,Reseller,PMP External Web,Display,2318.9629487165676,10630.911805442744,-78.18660345268484
DEFINE MEDIA,Reseller,Open Auction - Seedtag,Display,2237.628631592728,728.3917381801002,207.20126469082192
DeepIntent,Direct,Open Auction - BFM,CTV,2142.4700000000003,224.06999999999994,856.1610211094751
Hawk DSP,Reseller,Open Auction - Seedtag,Native,2137.192983773697,122.24717208783841,1648.2555606587425
Vericast - RTB,Reseller,Open Auction - Seedtag,Display,1988.185406523985,3451.7043974091866,-42.39989357094726
Viant,Direct,PMP Web - O&O,Online Video,1961.9039105847478,0,
Bidtheatre,Reseller,Open Auction - Seedtag,Display,1947.5910501060716,1609.9054578356663,20.975492108982905
AdXperience,Reseller,Open Auction - Seedtag,Display,1887.3781442222535,518.7627432970912,263.82299396187886
Adtheorent,Reseller,Open Auction - Seedtag,Display,1864.0456205043702,30.776268825196894,5956.7628619693305
Opera,Reseller,Open Auction - Seedtag,Online Video,1812.7944984414726,275.5767399817414,557.8183988102845
IQM,Reseller,Open Auction - Seedtag,Display,1758.1933235461038,424.9623434136738,313.7292046685215
Samsung DSP,Reseller,Open Auction - Seedtag,Online Video,1741.111905912403,327.07719486381393,432.3244583399814
Storygize,Reseller,Open Auction - Seedtag,Online Video,1737.0743523384735,234.16431236633798,641.8185695269015
BLUE MEDIA SERVICES LTDA,Reseller,Open Auction - Seedtag,Display,1700.2265629517715,142.65364485557802,1091.8563768020606
Opera,Direct,Open Auction - Seedtag,Online Video,1692.9080718173927,5860.324359537233,-71.1123827290837
Blockboard DSP,Reseller,Open Auction - Seedtag,Display,1681.6905211808116,197.31432355487777,752.2901383350884
Xandr,Direct,PMP Web - O&O,Online Video,1664.2613014392555,23.268350545316935,7052.46789065678
Infillion,Reseller,Open Auction - Seedtag,Display,1661.8794221177413,248.7826617503888,568.0045186529741
Emodo,Reseller,Open Auction - Seedtag,Display,1631.8025538629781,0,
AdElement,Reseller,Open Auction - Seedtag,Display,1609.1673821709483,0,
SmartAdServerVideo,Reseller,PMP External CTV,CTV,1571.1944889334527,0,
TheTradeDesk,Direct,PMP - Curation,Display,1560.5733549394063,0,
Infillion,BidSwitch,DSP Marketplace - BFM,CTV,1559.9399999999998,47005.71000000001,-96.68138190019891
Molocoads DSP,Reseller,Open Auction - Seedtag,Display,1549.6868983205113,182.3075944107677,750.0396833874198
iPROM DSP,Reseller,Open Auction - Seedtag,Display,1538.989761350911,915.6919522778408,68.06850355325044
DeepIntent,Direct,Open Auction - Seedtag,Online Video,1502.6807022458815,0,
ThinkNear,Reseller,Open Auction - Seedtag,Online Video,1490.2742832827207,24.723959767085034,5927.652112857425
Knorex,BidSwitch,Open Auction - BFM,CTV,1472.1899999999998,70.5,1988.2127659574464
SundaySky,Direct,Open Auction - BFM,CTV,1446.9299999999996,27661.750000000004,-94.76920296076713
Bigo Technology Pte Ltd,Reseller,Open Auction - Seedtag,Native,1410.607985317325,0,
LiquidM,Reseller,Open Auction - Seedtag,Online Video,1399.512925654839,443.5049158151742,215.55747766233793
Digital East OpenRTB,Reseller,Open Auction - Seedtag,Display,1285.0040716013027,952.4927309195264,34.90959352107322
DV360,BidSwitch,Select - BFM,Display,1279.66,18659.030000000002,-93.14187286263005
DBM,Direct,Open Auction - BFM,CTV,1194.5000000000007,0,
Exponential DSP,Reseller,Open Auction - Seedtag,Online Video,1148.3358196310073,70.39801349480331,1531.204863068723
Amazon DSP,BidSwitch,PMP CTV - O&O,CTV,1135.6499999999999,4977.76,-77.18552119829
Driftpixel DSP,Reseller,Open Auction - Seedtag,Display,1124.1281658037678,0,
Crimson,Reseller,Open Auction - Seedtag,Native,1120.806125889143,0,
Madopi,BidSwitch,Open Auction - Seedtag,Online Video,1118.396084901533,0,
Adtheorent,Direct,Open Auction - BFM,Display,963.4699999999998,14887.45,-93.52830739985694
Active Agent,Reseller,PMP Web - O&O,Display,954.0391948595643,0,
Amobee,Direct,DSP Marketplace - BFM,CTV,884.44,0,
DV360,BidSwitch,Open Auction - BFM,Display,840.32,6343.340000000002,-86.75272017580645
Tara Group,Reseller,Open Auction - Seedtag,Display,833.5409274706035,757.3122897739522,10.065680793243766
Krush Media,Reseller,Open Auction - Seedtag,Online Video,832.6877989449094,85.65565717121353,872.1340381295358
Proof140,Reseller,Open Auction - Seedtag,Display,825.7731927458535,0,
Account Insight - RTB,Reseller,Open Auction - Seedtag,Display,818.8964917030535,518.0096945160767,58.08516720291585
AdMatrix,Reseller,Open Auction - Seedtag,Display,761.8104893297168,21.736338078047993,3404.7784341332363
Driftpixel DSP,Reseller,Open Auction - Seedtag,Online Video,737.0184890839519,0,
Knorex,Reseller,Open Auction - Seedtag,Display,709.0867108139992,114.25492348834814,520.6180785603631
Delta Projects,Reseller,Open Auction - Seedtag,Display,696.7012273599394,27.71751123687136,2413.5778656532084
Basis Technologies,Reseller,PMP External Web,Native,673.3432738412337,0,
Cloud Technologies S.A.,Reseller,Open Auction - Seedtag,Display,668.5694573945566,1.1135720858728746,59938.273756700524
Appier,Reseller,Open Auction - Seedtag,Display,661.7871693625548,333.75257073824423,98.2867631247646
S4M OpenRTB,Reseller,Open Auction - Seedtag,Display,654.3559472112102,141.72542111427174,361.7068286455185
Adtelligent,Direct,DSP Marketplace - BFM,CTV,645.6400000000001,1383.1599999999996,-53.32138002834088
IQM,Direct,Open Auction - BFM,CTV,641.5999999999999,212.78000000000003,201.53209888147373
SurfSide,Reseller,Open Auction - Seedtag,Display,640.8972372790449,1329.2818722653174,-51.786204968939394
TAPTAP,Reseller,Open Auction - Seedtag,Native,633.7411824697192,0.0003286800056230277,192813935.4228224
iPromote,Reseller,Open Auction - Seedtag,Display,616.7336652718277,56.538971943773504,990.8116013944378
SundaySky,Direct,Select - BFM,CTV,611.9900000000001,5855.029999999999,-89.54761973892533
AppNexus,Direct,Direct External Web,Display,608.5247303011334,135277.0737931737,-99.5501641828596
Viant,Reseller,Open Auction - Seedtag,Native,597.2308664378161,2881.1595189630825,-79.27116279029364
Pubmatic,Reseller,Unknown,Other,570.7316062399999,23180.553695627885,-97.53788622250363
SmartAdServerORTB,Reseller,Unknown,Other,512.8507253583989,8424.869290917208,-93.91265659265123
Simpli.fi,Reseller,Open Auction - Seedtag,Native,512.3983652793395,0,
Smaato,Reseller,Open Auction - Seedtag,Native,491.61042912479843,72.90495120645937,574.3169304545694
Digital To Store Limited,Reseller,Open Auction - Seedtag,Display,486.5440187545355,99.61387642398768,388.42996199008724
So-Net Media Networks OpenRTB,Reseller,Open Auction - Seedtag,Display,456.24647563163035,128.9874884365845,253.71374476830727
Unicorn OpenRTB,Reseller,Open Auction - Seedtag,Online Video,444.1401327890999,537.0392431969085,-17.298383979315016
Krush Media,Direct,Open Auction - BFM,CTV,433.5099999999999,1911.3199999999997,-77.318816315426
ThinkNear,Reseller,Open Auction - Seedtag,Display,423.8528850412695,3.5869604323233943,11716.491791260874
Madopi,BidSwitch,Open Auction - BFM,CTV,402.1799999999999,0,
GeoSpot,Reseller,Open Auction - Seedtag,Display,401.5766856947521,1.5109769126356696,26477.288000665914
Adform,Reseller,Open Auction - Seedtag,Native,395.6778841441055,725.5440663725094,-45.464665416896096
Adipolo,Reseller,Open Auction - Seedtag,Online Video,377.7813840656254,0,
IntentIQ LLC OpenRTB (m),Reseller,Open Auction - Seedtag,Display,364.22851544903824,112.22897458227817,224.54053581502896
Seedtag POC,Direct,Open Auction - BFM,CTV,341.24,0,
IQZone DSP,Reseller,Open Auction - Seedtag,Display,302.498131318358,0,
GroundTruth,Direct,Open Auction - BFM,Display,301.03999999999996,312.0900000000001,-3.540645326668628
DV360,BidSwitch,PMP - Curation,Display,294.0496030623126,0,
YMT,Reseller,Open Auction - Seedtag,Online Video,292.5675642459537,0,
Pelmorex Audience,Reseller,Open Auction - Seedtag,Online Video,282.36541877128184,2.6369363986887038,10608.086054396175
SmartyAds,Direct,DSP Marketplace - BFM,CTV,277.04,0.13,213007.69230769234
GroundTruth,Reseller,Open Auction - Seedtag,Online Video,273.4368815089474,50.79099078998843,438.35705359550775
MediaForce,Reseller,Open Auction - Seedtag,Online Video,273.12461372243706,2405.4266265244078,-88.6454813998183
JamLoop OpenRTB,Reseller,Open Auction - Seedtag,Online Video,265.00921198067954,885.3965949440608,-70.0688693073839
Valassis OpenRTB,Reseller,Open Auction - Seedtag,Online Video,260.9365826186395,684.2881538332222,-61.86744120047471
DV360,Unknown,Unknown,Other,258.92293186943476,5399.882388184187,-95.20502645694654
SmartyAds,Direct,Open Auction - BFM,Display,258.31000000000006,3161.060000000001,-91.82837402643418
Octillion,Reseller,Open Auction - Seedtag,Online Video,219.67308020161,492.7881952059688,-55.422414266682246
Piximedia,Reseller,Open Auction - Seedtag,Display,214.80806921551994,432.1133078616258,-50.28894845231029
IPONWEB BidCore,BidSwitch,Open Auction - BFM,CTV,212.41000000000003,1065.8799999999997,-80.07186550080684
Amazon DSP,BidSwitch,PMP Web - O&O,Online Video,212.0353286828613,0,
Mediasmart,Reseller,Open Auction - Seedtag,Native,208.76843480627576,0.8579346338519827,24233.839265695628
Samsung DSP,BidSwitch,Open Auction - BFM,CTV,205.86999999999998,243.75,-15.54051282051283
Craid OpenRTB,Reseller,Open Auction - Seedtag,Display,203.86545360839227,63.162687820076826,222.7624736127708
IQZone DSP,Reseller,Open Auction - Seedtag,Online Video,202.75681823315244,0,
Hybe.io - RTB,Reseller,Open Auction - Seedtag,Display,199.8388411067035,2.83959003108248,6937.594825987009
MediaForce,Reseller,Open Auction - Seedtag,Display,190.90178948594257,6160.874331976571,-96.90138478405392
Xandr,Direct,PMP Web - O&O,Display,189.36188473785296,84442.16234886879,-99.7757496024847
Pinterest,Reseller,Open Auction - Seedtag,Display,177.3375977254691,0,
Chalk Digital OpenRTB,Reseller,Open Auction - Seedtag,Online Video,174.9270501325518,22.847624239162542,665.6246807171913
Jaduda (Splicky),Reseller,Open Auction - Seedtag,Online Video,166.47586821384448,125.21206570291724,32.955132781557374
MadHive,Reseller,Open Auction - Seedtag,Display,160.7126498184216,82.45134040925768,94.91817721907732
AdPilot,Reseller,Open Auction - Seedtag,Display,148.18205687305817,5.4600001021753997e-05,271395603.4799665
FreakOut,Reseller,Open Auction - Seedtag,Display,139.01739564383115,10.069172582376268,1280.6238249123726
Madopi,Reseller,Open Auction - Seedtag,Native,134.41753247274391,0,
Metax,Direct,Open Auction - BFM,CTV,132.47,139.92999999999998,-5.331237047094962
RtbHouse,Direct,PMP Web - O&O,Online Video,132.370628629782,0.5306614409200847,24844.459578648082
Crimson,Reseller,Open Auction - Seedtag,Display,132.3102593905969,7245.386337768636,-98.17386881496033
Samsung DSP,Reseller,Open Auction - Seedtag,Display,127.5799745315453,44.32790049922187,187.8096483134473
SmartClip,Direct,Open Auction - BFM,CTV,127.30000000000003,0,
Krush Media,Reseller,Open Auction - Seedtag,Display,125.71389445095701,234.6332154461852,-46.42110060508872
GroundTruth,Direct,DSP Marketplace - BFM,Display,125.13000000000001,397.37,-68.51045624984272
Infillion,Reseller,Open Auction - Seedtag,Native,119.62291189884127,0.060080899915192276,199003.06281646254
DeepIntent,Direct,Open Auction - Seedtag,Display,113.99948084252901,0,
LoopMe,Reseller,Open Auction - Seedtag,Native,109.36564819447813,8.944653720056522,1122.6929249284235
Xandr,Direct,DSP Marketplace - BFM,CTV,109.27999999999999,1988.0999999999995,-94.50329460288718
DV360,BidSwitch,PMP - Curation,Online Video,106.37189785559895,0,
AppNexus,Reseller,PMP External Web,Display,101.64261883693834,7731.422550350815,-98.68533095720753
StackAdapt,Reseller,PMP External Web,Online Video,101.31917306006392,13349.038393265271,-99.24100021233603
StackAdapt,Reseller,PMP External Web,Display,98.1367646634103,30974.99428728846,-99.68317422836884
Converge Digital,Reseller,Open Auction - Seedtag,Online Video,96.94386619701982,0,
MediaMath,Reseller,Open Auction - Seedtag,Display,94.4285424076338,61.848514606857094,52.677138663512196
Proof140,Reseller,Open Auction - Seedtag,Online Video,88.21565826656206,0,
Beeswax,Direct,Select - BFM,CTV,88.12999999999998,5091.549999999999,-98.26909290883916
DSP Not Found,Reseller,PMP Web - O&O,Online Video,87.71907684532925,0,
Krush Media,Direct,Open Auction - BFM,Display,87.54999999999998,50.23999999999999,74.26353503184714
Sift,Reseller,Open Auction - Seedtag,Display,82.0431133200891,66.37317584796892,23.60884087875041
Pinterest,Reseller,Open Auction - Seedtag,Online Video,81.6131007825752,0,
Adobe DSP,Reseller,Open Auction - Seedtag,Native,79.73982804577099,40.59494995250134,96.4279501245146
Xandr,Direct,Direct Web - O&O,Native,76.05340674519539,24.7642520070076,207.1096462904447
Active Agent,Reseller,Open Auction - Seedtag,Native,74.26646648025962,0.4546654505029437,16234.310512951279
Knorex,Reseller,Open Auction - Seedtag,Online Video,71.39914443743328,0.10026645613834262,71109.40261309358
A.Mob,Reseller,Open Auction - Seedtag,Display,70.23032180869632,0.6109827276668511,11394.649296696749
DV360,Unknown,PMP External Web,Online Video,69.15719707556315,0,
GroundTruth,Reseller,Open Auction - Seedtag,Display,68.83895584508718,317.56561781575147,-78.32291911241258
Temu,Reseller,Open Auction - Seedtag,Online Video,67.79383720511669,0.11099180513701867,60980.038405921616
Loblaw Media (Previously EyeReturn),Reseller,Open Auction - Seedtag,Display,67.10649607749656,7.263284158078022,823.9139570611812
AdElement,BidSwitch,Open Auction - BFM,Display,65.42,0.9,7168.888888888889
Streamworx Lda.,BidSwitch,Open Auction - BFM,CTV,63.730000000000004,229.38000000000005,-72.21640945156508
Arpeely DSP,Reseller,Open Auction - Seedtag,Display,57.31849250313826,0,
DeepIntent,Direct,Open Auction - BFM,Display,56.319999999999986,80.26999999999998,-29.83680079730908
StackAdaptDSP,Direct,Open Auction - BFM,CTV,55.74999999999999,0,
Unicorn OpenRTB,Reseller,Open Auction - Seedtag,Display,55.17678817957494,2.009458650725719,2645.853374969809
YMT,Reseller,Open Auction - Seedtag,Display,54.4805662673607,0,
AppNexus,Reseller,Unknown,Other,53.43698899999999,1540.9372882400003,-96.53217626649598
So-Net Media Networks OpenRTB,Reseller,Open Auction - Seedtag,Online Video,53.30011675348942,10.277095727600681,418.6301477210528
Loblaw Media (Previously EyeReturn),Reseller,Open Auction - Seedtag,Online Video,50.67305650014896,820.3556914832443,-93.82303834468077
iPromote,Reseller,Open Auction - Seedtag,Online Video,48.01029228261905,0.15124829165870324,31642.70053307832
DV360,BidSwitch,DSP Marketplace - BFM,CTV,45.60999999999995,456.4600000000001,-90.00788678087895
Beeswax,Direct,Open Auction - BFM,Display,43.06999999999999,1854.6000000000004,-97.67766634314677
Pontiac Intelligence,Reseller,Open Auction - Seedtag,Online Video,42.35903107631748,0.15197999775409698,27771.451310885146
Vericast - RTB,Reseller,Open Auction - Seedtag,Online Video,41.944402118951984,58.2470890659788,-27.988844092380496
Bidtheatre,Reseller,Open Auction - Seedtag,Online Video,41.46684979140991,0.26537657363223843,15525.663269311442
AllMediaDesk Gmbh OpenRTB,Reseller,Open Auction - Seedtag,Display,39.4301339757003,1.4577609302650671,2604.8422794902763
Equative,Direct,Open Auction - BFM,CTV,35.940000000000005,0,
Viant,Direct,Select - BFM,Display,34.44,0,
"Front Porch, Inc. RTB",Reseller,Open Auction - Seedtag,Display,33.54622155739344,38.34326436427364,-12.510783540250285
Digital East OpenRTB,Reseller,Open Auction - Seedtag,Online Video,33.075373232364655,0,
Xandr,Direct,PMP External Web,Display,30.31538802915456,7731.694141716527,-99.60790756238549
MGID Inc,Reseller,Open Auction - Seedtag,Display,29.95781695597543,0,
Opt Out Advertising B.V.,Reseller,Open Auction - Seedtag,Online Video,29.713221662910655,0,
DV360,Unknown,PMP External Web,Display,29.26131030598836,6232.081218495033,-99.53047289853751
Webeye,BidSwitch,Open Auction - BFM,Display,28.83,27.680000000000003,4.154624277456629
Groundhog - RTB,Reseller,Open Auction - Seedtag,Display,28.329547790861398,1.2547139831849563,2157.849053291802
Stirista,Direct,DSP Marketplace - BFM,Display,27.389999999999997,0,
DeepIntent,Reseller,Open Auction - Seedtag,Native,26.85882212157594,1.4555976698175073,1745.209200214185
Nativo Inc,Reseller,Open Auction - Seedtag,Display,25.95122851913038,0,
Knorex,Reseller,Open Auction - Seedtag,Native,25.063303584392997,0.19757125714386348,12585.703349117683
Sift,Reseller,Open Auction - Seedtag,Native,21.554748967071646,0.22569256347196642,9450.491445301426
Arago DSP,Reseller,Open Auction - Seedtag,Native,21.52145439668857,0,
MediaMath,Reseller,Open Auction - Seedtag,Online Video,21.37063730877344,2.0930457054346334,921.0306088053485
OneTag,Reseller,Open Auction - Seedtag,Online Video,19.193761304341024,69.05460852192482,-72.20495240625829
Chalk Digital OpenRTB,Reseller,Open Auction - Seedtag,Display,19.057659422860525,9.903469964323449,92.43416187976938
InMobi,Reseller,Open Auction - Seedtag,Display,16.18118687670085,81.57628149745779,-80.16434853407101
Conversant,Reseller,Open Auction - Seedtag,Native,14.915209875733126,1.3574599795392714,998.7587185292506
Hawk DSP,Reseller,PMP Web - O&O,Online Video,14.722277264110744,46412.215218156576,-99.96827930493102
R&R Digital Pty Ltd,Reseller,Open Auction - Seedtag,Display,14.619722404459026,0,
Adtheorent,Direct,DSP Marketplace - BFM,Display,13.89,0,
Eskimi,Reseller,Open Auction - Seedtag,Native,13.641798007284706,0.9550915481522679,1328.3236024521732
AdXperience,Reseller,Open Auction - Seedtag,Online Video,13.244002706574975,0.5020032442407683,2538.2305012002976
AdIngenious,BidSwitch,Open Auction - BFM,Display,13.240000000000002,0,
OnSpot Data,BidSwitch,Open Auction - BFM,Display,12.97,3.84,237.7604166666667
WMG,Reseller,Open Auction - Seedtag,Display,12.56554230342772,0,
Aqua DSP - RTB,Reseller,Open Auction - Seedtag,Display,11.11656424542889,0,
AppNexus,Reseller,PMP External Web,Online Video,11.027350000000002,21598.256566859178,-99.94894333269048
IQM,Direct,DSP Marketplace - BFM,CTV,10.76,419.9200000000001,-97.43760716326919
EQ Ads,Reseller,Open Auction - Seedtag,Display,10.173127329093404,2.3117100126110017,340.06935444308544
Xandr,Reseller,PMP External Web,Online Video,9.661993353129443,2108.492952069345,-99.54175832821036
Paytunes OpenRTB,Reseller,Open Auction - Seedtag,Online Video,9.154937807717943,0,
Infillion,BidSwitch,Open Auction - BFM,Display,8.22,49.609999999999985,-83.43075992743397
Zeasn,Direct,Open Auction - BFM,CTV,8.110000000000001,0,
Paytunes OpenRTB,Reseller,Open Auction - Seedtag,Display,7.677318488225865,0.007764699847029988,98774.6331406803
Xandr,Direct,PMP CTV - O&O,CTV,7.419999999999999,2287.47,-99.67562416119118
Arago DSP,Reseller,Open Auction - Seedtag,Display,6.975580940295913,0.03290569441014668,21098.70455657349
IQM,Direct,Open Auction - BFM,Display,6.380000000000001,29.299999999999994,-78.22525597269625
AllMediaDesk Gmbh OpenRTB,Reseller,Open Auction - Seedtag,Online Video,6.259194227190164,0.0012293500476516783,509046.6209438528
iPromote,Reseller,Open Auction - Seedtag,Native,6.207065311828046,0.0023973720672074705,258811.2218637893
Epom,Reseller,Open Auction - Seedtag,Display,6.157313888554199,106.50087876677935,-94.21853231649123
Knorex,BidSwitch,Open Auction - BFM,Display,5.880000000000001,26.789999999999996,-78.05151175811869
BLUE MEDIA SERVICES LTDA,Reseller,Open Auction - Seedtag,Online Video,5.559602603359963,0,
Pubeasy - RTB,Reseller,Open Auction - Seedtag,Display,4.991913997384472,6.486442899994245,-23.04080873988883
SmartyAds,Reseller,Open Auction - Seedtag,Display,4.88286054051423,71.38343912934943,-93.15967316779694
Zeta DSP,BidSwitch,Open Auction - BFM,Display,3.5899999999999994,0.02,17849.999999999996
Stirista,Direct,Open Auction - BFM,Display,3.5399999999999996,0,
Molocoads DSP,Reseller,Open Auction - Seedtag,Native,3.5051878838276025,0,
Stirista,Reseller,Open Auction - Seedtag,Display,2.5453987141954713,48.05281081289286,-94.70291399995996
RtbHouse,Reseller,PMP Web - O&O,Online Video,2.489949998445809,0,
Pontiac Intelligence,Reseller,Open Auction - Seedtag,Display,2.283550345688127,0,
BidSwitch,Direct,Open Auction - BFM,CTV,1.5300000000000002,126.82,-98.79356568364612
MarketOps,Reseller,Open Auction - Seedtag,Display,1.4569842742348555,0,
SurfSide,Reseller,Open Auction - Seedtag,Online Video,1.445875353179872,0,
Yoc,Reseller,Open Auction - Seedtag,Online Video,1.3995135314762592,0,
Quantcast,BidSwitch,Open Auction - BFM,Display,1.2900000000000003,6.960000000000001,-81.46551724137932
Excelate,Reseller,Open Auction - Seedtag,Display,1.2328959551668959,920.1333509590477,-99.86600899164432
BidSwitch,Direct,Open Auction - BFM,Display,1.0899999999999999,0.1,989.9999999999998
Media.net,Reseller,Open Auction - Seedtag,Native,1.0151395394350402,0,
RtbHouse,Reseller,PMP External Web,Display,0.8756281653730253,0,
RtbHouse,Reseller,PMP Web - O&O,Display,0.818976002978161,0,
Stirista,Direct,Open Auction - BFM,CTV,0.72,1.9700000000000004,-63.4517766497462
Carta OpenRTB,Reseller,Open Auction - Seedtag,Display,0.7063602778653149,0.1198163967274013,489.5355703880673
Octillion,Reseller,Open Auction - Seedtag,Display,0.6908288699341938,0.5470384475775063,26.28524978334631
Streamworx Lda.,BidSwitch,Open Auction - BFM,Display,0.67,18.32,-96.34279475982531
TheTradeDesk,Direct,Direct External Web,Online Video,0.6621190446671844,62358.5234614291,-99.99893820602556
Equativ Direct Demand,Reseller,PMP Web - O&O,Display,0.5861788359470665,971.7194087905809,-99.93967612145603
Addictive Mobility,Reseller,Open Auction - Seedtag,Display,0.4475260333856568,0,
WMG,Reseller,Open Auction - Seedtag,Online Video,0.4400153643764497,0,
S4M OpenRTB,Reseller,Open Auction - Seedtag,Online Video,0.42089135228889063,0.002517150016501546,16620.948276013572
Excelate,Reseller,Open Auction - Seedtag,Online Video,0.3469426275987644,89.84587349544745,-99.61384689791419
ZetaBidswitch,Direct,Open Auction - BFM,CTV,0.32000000000000006,0,
4INFO,Direct,Open Auction - BFM,CTV,0.32,2661.4000000000005,-99.98797625309987
Quantcast,Reseller,PMP Web - O&O,Display,0.3064320064149797,0,
Deqwas OpenRTB,Reseller,Open Auction - Seedtag,Display,0.29518257586460095,0.05664438138046535,421.11536690980444
Between Exchange,BidSwitch,Open Auction - BFM,Display,0.29000000000000004,0,
Beeswax,Reseller,Open Auction - Seedtag,Display,0.26660665043164045,0.08755200187442824,204.51234092170952
Hybrid Adtech Inc,Reseller,Open Auction - Seedtag,Online Video,0.2534756170316541,0,
Cepia,Direct,Open Auction - BFM,CTV,0.22,77.71000000000001,-99.71689615236134
Aroscop,BidSwitch,Open Auction - BFM,Display,0.19000000000000003,0.51,-62.74509803921568
SmartyAds,Reseller,Open Auction - Seedtag,Online Video,0.16049193384242244,1.5701791858882643,-89.77875039455253
inMarket OpenRTB,Reseller,Open Auction - Seedtag,Display,0.14761996339075267,0.08555737923597917,72.53913655255411
Account Insight - RTB,Reseller,Open Auction - Seedtag,Online Video,0.14568500127643347,0,
IPONWEB BidCore,BidSwitch,Open Auction - BFM,Display,0.14,42.74999999999999,-99.67251461988303
RtbHouse,Reseller,PMP Web - O&O,Native,0.1130024999147281,0,
Adform,BidSwitch,Open Auction - BFM,CTV,0.11,0.09,22.22222222222223
R&R Digital Pty Ltd,Reseller,Open Auction - Seedtag,Online Video,0.1005973184328468,0,
Equativ,Direct,Open Auction - BFM,CTV,0.09,0,
Webeye,BidSwitch,Open Auction - BFM,CTV,0.08999999999999998,46.25,-99.80540540540541
Undertone DSP,Reseller,Open Auction - Seedtag,Online Video,0.08948259794851765,0,
Undertone DSP,Reseller,Open Auction - Seedtag,Display,0.07853499522752827,0.014636650106695015,436.5639996518413
Danoler,Reseller,Open Auction - Seedtag,Display,0.07750782993389294,0,
Madopi,BidSwitch,Open Auction - BFM,Display,0.06999999999999999,0,
A.Mob,Reseller,Open Auction - Seedtag,Online Video,0.0574699982535094,5.696550289052539,-98.99114384430251
CyberAgent Dynalyst OpenRTB,Reseller,Open Auction - Seedtag,Display,0.05520375152264023,0,
PulsePoint,Reseller,Open Auction - Seedtag,Display,0.05215613901418692,10927.049488037948,-99.99952268781183
BidSwitch,Reseller,PMP External Web,Online Video,0.05136991526466782,0,
Beeswax,Reseller,Open Auction - Seedtag,Online Video,0.04819176148157567,0,
Travelaudience,Reseller,PMP Web - O&O,Display,0.04733792063780129,13.863622311560903,-99.65854580012378
InMobi,Reseller,Open Auction - Seedtag,Online Video,0.040410802386759315,0.0031744779753353214,1172.9904790878477
Conversant,Direct,DSP Marketplace - BFM,Display,0.04,11.84,-99.66216216216216
Videowire OpenRTB,Reseller,Open Auction - Seedtag,Display,0.020898061789921485,0.04830263738404028,-56.73515376858815
Excelate,BidSwitch,Open Auction - BFM,CTV,0.02,0,
TaurusX DSP,Reseller,Open Auction - Seedtag,Display,0.01566349621862173,0,
RevX,Reseller,Open Auction - Seedtag,Display,0.015539664775133133,0,
Stirista,Reseller,Open Auction - Seedtag,Online Video,0.01315737992990762,0,
PulsePoint,Reseller,Open Auction - Seedtag,Online Video,0.012167914072051644,4750.2057329125055,-99.99974384448262
StackAdapt,Reseller,PMP External Web,Native,0.010986023650439884,0,
Between Exchange,BidSwitch,Open Auction - BFM,CTV,0.01,0.6900000000000001,-98.55072463768116
Motorik,Reseller,Open Auction - Seedtag,Display,0.009351061016786844,0,
Hybrid Adtech Inc,Reseller,Open Auction - Seedtag,Display,0.007788297047227388,0,
Carta OpenRTB,Reseller,Open Auction - Seedtag,Online Video,0.004580030079523567,0.0006314500060398132,625.3195083879364
Pangle DSP,Reseller,Open Auction - Seedtag,Native,0.003622005921897653,0,
Jampp,Reseller,Open Auction - Seedtag,Display,0.0020200000144541264,0,
Dable Inc,Reseller,Open Auction - Seedtag,Native,0.001959447985427687,0,
RevX,Reseller,Open Auction - Seedtag,Native,0.0019299999112263322,0,
Epom,Reseller,Open Auction - Seedtag,Online Video,0.0013154400512576103,0,
GeoSpot,Reseller,Open Auction - Seedtag,Online Video,0.0011500000255182385,0.005179981904802844,-77.79914975278261
IQM,Reseller,Open Auction - Seedtag,Native,0.0009399999980814755,1.2265096125775017,-99.9233597528758
Pangle DSP,Reseller,Open Auction - Seedtag,Online Video,0.0006621429929509759,0,
Unruly,Direct,DSP Marketplace - BFM,CTV,0,9.400000000000002,-100
Basis Technologies,Direct,DSP Marketplace - BFM,Display,0,0,
BidSwitch,Direct,DSP Marketplace - BFM,CTV,0,14727.449999999999,-100.00000000000001
Marketing Architects,Reseller,Open Auction - Seedtag,Online Video,0,0.04674999974668026,-100
TheTradeDesk,Direct,Unknown,Other,0,0,
Sift,Reseller,Open Auction - Seedtag,Online Video,0,0.006910575088113546,-100
Sovrn,Direct,Open Auction - BFM,CTV,0,0,
Doceree - RTB,Reseller,Open Auction - Seedtag,Display,0,3.4938429463654757,-100
Roku Oneview,Reseller,Open Auction - Seedtag,Online Video,0,0.8714449219114613,-100
Promo-PSA,Direct,Unknown,CTV,0,0,
Lift,BidSwitch,Open Auction - BFM,Display,0,0.12000000000000001,-100
4INFO,Direct,DSP Marketplace - BFM,CTV,0,38211.2,-100
Adot,Reseller,Open Auction - Seedtag,Display,0,23.357499624340562,-100
Yahoo DSP,Unknown,PMP External Web,Display,0,0,
MadHive,Direct,Open Auction - BFM,CTV,0,38800.51,-100
Sportradar,BidSwitch,Select - BFM,CTV,0,59.81000000000001,-100
TheTradeDesk,Unknown,Direct External Web,Display,0,53156.92916277499,-100
DSP Not Found,Direct,Select - BFM,Display,0,0,
Xandr,Reseller,PMP Web - O&O,Online Video,0,4.069235025322996,-100
TheTradeDesk,Direct,Select - BFM,Display,0,12583.729999999996,-100
Amazon DSP,Unknown,PMP External Web,Online Video,0,0,
Marketing Architects,Direct,Unknown,CTV,0,0,
AlexP,Direct,DSP Marketplace - BFM,CTV,0,0,
Amobee,Direct,Unknown,CTV,0,0,
DSP Not Found,Direct,Open Auction - Seedtag,Display,0,18.42739015276311,-100
SundaySky,Direct,Open Auction - BFM,Display,0,0,
Promo-PSA,Direct,Open Auction - BFM,CTV,0,0,
OpenX,Direct,Open Auction - BFM,CTV,0,0,
BidSwitch,Direct,Unknown,CTV,0,0,
DSP Not Found,Direct,DSP Marketplace - BFM,CTV,0,0,
StackAdapt,Reseller,PMP External CTV,CTV,0,10655.74489336905,-100
Viant,Direct,DSP Marketplace - BFM,Display,0,0,
Infillion,BidSwitch,Unknown,CTV,0,0,
Lift,BidSwitch,Open Auction - BFM,CTV,0,0.30000000000000004,-100
DV360,BidSwitch,Unknown,CTV,0,0,
Adform,Reseller,PMP External Web,Online Video,0,8541.66417205495,-100
Xandr,Direct,Select - BFM,CTV,0,442.53999999999996,-100.00000000000001
4INFO,Direct,Unknown,CTV,0,0,
Beeswax,Direct,Unknown,CTV,0,0,
SuperAwesome,Direct,Open Auction - BFM,CTV,0,0.05,-100
EngageFront - Display,Reseller,Open Auction - Seedtag,Display,0,226.1934812736581,-100
Hawk DSP,Unknown,PMP External Web,Online Video,0,0,
DV360,Direct,PMP External CTV,CTV,0,0,
535Media,Direct,DSP Marketplace - BFM,CTV,0,0,
Walmart,Direct,Unknown,Display,0,0,
Elementary Innovation Pte. Ltd.,Reseller,Open Auction - Seedtag,Online Video,0,101.34838025479624,-100.00000000000001
Xapads,Direct,Open Auction - BFM,Display,0,0,
SimpliFi,Direct,Open Auction - BFM,CTV,0,159396.01000000015,-100
StackAdapt,Direct,Unknown,CTV,0,0,
Stirista,Direct,Select - BFM,CTV,0,136.79,-100
Xandr,Direct,Select - BFM,Display,0,0,
Digital Fairway,Direct,Open Auction - BFM,CTV,0,0,
SimpliFi,Direct,Select - BFM,Display,0,1.38,-100.00000000000001
OneTag,Direct,Open Auction - BFM,CTV,0,0,
Marketing Architects,Direct,Open Auction - BFM,Display,0,0.24000000000000002,-100
Excelate,Reseller,PMP External Web,Display,0,220.71390388559675,-100
Xandr,Direct,Unknown,CTV,0,0,
SmartClip,Direct,Unknown,CTV,0,0,
DSP Not Found,Direct,Open Auction - Seedtag,Native,0,0,
Outbrain/Teads,Direct,Unknown,Display,0,0,
Yahoo DSP,Direct,DSP Marketplace - BFM,Display,0,0.18000000000000005,-99.99999999999999
Azira,Reseller,Open Auction - Seedtag,Online Video,0,6.712271254858933,-100
Seedtag,Direct,Unknown,CTV,0,64.25000000000003,-100
Hawk DSP,Reseller,PMP External Web,Online Video,0,0,
Demandbase,Reseller,Open Auction - Seedtag,Online Video,0,1705.3248895044962,-100
BidSwitch,Direct,DSP Marketplace - BFM,Display,0,0,
TheTradeDesk,Direct,Unknown,Display,0,0,
BidSwitch,Direct,Unknown,Display,0,0,
Unruly,Direct,DSP Marketplace - BFM,Display,0,0,
"BlueCava, Inc.",Reseller,Open Auction - Seedtag,Display,0,0.08941823982604546,-100
OTT Advisors (Demand),Direct,Open Auction - BFM,CTV,0,0,
Sharethrough,Direct,Open Auction - BFM,Display,0,0,
IQM,Direct,Unknown,CTV,0,0,
Media Pulse,Direct,Open Auction - BFM,CTV,0,1.4200000000000002,-100.00000000000001
Viant,Direct,Unknown,CTV,0,0.76,-100
AppNexus,Direct,Direct External Web,Online Video,0,1555292.7433362524,-99.99999999999999
Cadent,Reseller,Open Auction - Seedtag,Display,0,0.005072999745607376,-100
Marketperf,BidSwitch,Open Auction - BFM,CTV,0,0,
TheTradeDesk,Direct,DSP Marketplace - BFM,Display,0,0,
Stirista,Direct,Unknown,CTV,0,0,
tankee,Direct,Open Auction - BFM,CTV,0,1212.1499999999999,-100
Adform,Reseller,PMP External Web,Display,0,387.20049195742865,-100
MediaForce,Reseller,Unknown,Display,0,0,
The Media Sense,Direct,Unknown,CTV,0,0,
Adot,Reseller,Open Auction - Seedtag,Online Video,0,20.83765086333733,-100
StackAdapt,Reseller,PMP Web - O&O,Online Video,0,0,
Basis Technologies,Direct,Unknown,CTV,0,15,-100
Demandbase,Direct,DSP Marketplace - BFM,CTV,0,15.670000000000002,-100
PulsePoint,Direct,DSP Marketplace - BFM,CTV,0,0,
Media Pulse,Direct,Unknown,CTV,0,0,
DV360,Direct,Direct External CTV,CTV,0,0,
Sportradar,BidSwitch,Open Auction - Seedtag,Native,0,0,
MediaForce,Reseller,Open Auction - Seedtag,Native,0,1024.7760162830818,-100
Ogury DSP,Reseller,Open Auction - Seedtag,Display,0,49.95289714795945,-100
Infillion,BidSwitch,Select - BFM,CTV,0,0.01,-100
Lemma DSP,Direct,Open Auction - BFM,Display,0,0,
Demandbase,Direct,Unknown,CTV,0,0,
Amazon DSP,BidSwitch,Unknown,CTV,0,0,
Equativ Direct Demand,Reseller,PMP External Web,Display,0,7192.840433372862,-100
DSP Not Found,Reseller,PMP External Web,Online Video,0,322.5266370026764,-100
BizzClick,Direct,Open Auction - BFM,CTV,0,2.940000000000001,-99.99999999999999
Crimson,Reseller,Open Auction - Seedtag,Online Video,0,252.9673627706943,-100
Xandr,Direct,DSP Marketplace - BFM,Display,0,0,
Adform,BidSwitch,Open Auction - BFM,Display,0,1.6900000000000002,-100
StackAdapt,Direct,Select - BFM,Display,0,0,
Conversant,Direct,Unknown,CTV,0,0,
Zeta DSP,BidSwitch,Unknown,CTV,0,0,
Adtelligent,Direct,Select - BFM,CTV,0,0.45000000000000007,-100
DV360,BidSwitch,Unknown,Display,0,0,
Basis Technologies,Reseller,PMP External Web,Online Video,0,12425.315856894045,-100
Nexxen,Direct,Unknown,Display,0,0,
Marketperf,BidSwitch,Open Auction - BFM,Display,0,0,
Samsung DSP,BidSwitch,Open Auction - BFM,Display,0,0.02,-100
RtbHouse,Direct,Unknown,Display,0,0,
BidSwitch,Direct,Select - BFM,Display,0,0,
Bidtellect,Reseller,Open Auction - Seedtag,Native,0,549.3211256371578,-100
Unruly,Direct,Open Auction - BFM,Display,0,14.559999999999999,-100
Amazon DSP,Reseller,Open Auction - Seedtag,Native,0,0.14428999251686037,-100
FreeWheel,Direct,Open Auction - BFM,CTV,0,6.039999999999999,-100
SimpliFi,Direct,DSP Marketplace - BFM,Display,0,86.34000000000002,-100
Reset Digital,Direct,Open Auction - BFM,CTV,0,0,
MadHive,Direct,Select - BFM,CTV,0,0.9400000000000002,-100
TheTradeDesk,Unknown,PMP External Web,Display,0,0,
DSP Not Found,Direct,Select - BFM,CTV,0,0,
DSP Not Found,Direct,Unknown,CTV,0,15.570000000000002,-100
Quantcast,BidSwitch,Select - BFM,Display,0,3.31,-100
SmartAdServerVideo,Reseller,PMP External Web,Native,0,9882.358441577522,-100
Illumin,Direct,Unknown,Display,0,0,
Cadent,Reseller,Open Auction - Seedtag,Online Video,0,0.13632476329803467,-100
Adtheorent,Direct,Unknown,CTV,0,0,
Basis Technologies,Direct,PMP CTV - O&O,CTV,0,0,
AdElement,BidSwitch,Open Auction - BFM,CTV,0,0.22999999999999998,-100.00000000000001
DSP Not Found,Direct,PMP CTV - O&O,CTV,0,0,
MadHive,Direct,Unknown,CTV,0,0,
Roku Oneview,Reseller,Open Auction - Seedtag,Display,0,0.03311394895717967,-100
Quantcast,BidSwitch,Select - BFM,CTV,0,3.9199999999999964,-100
SimpliFi,Direct,Unknown,CTV,0,0,
LoopMe,Direct,Unknown,CTV,0,0,
SimpliFi,Direct,Open Auction - BFM,Display,0,25940.659999999938,-100
Seedtag,Direct,Open Auction - BFM,CTV,0,14164.529999999999,-100.00000000000001
Sportradar,BidSwitch,Unknown,Display,0,0,
Lemma DSP,Direct,Unknown,CTV,0,0,
Demandbase,Reseller,Open Auction - Seedtag,Display,0,28981.56775690819,-100.00000000000001
GlewedTV,Direct,Open Auction - BFM,CTV,0,0,
IQM,Direct,Select - BFM,CTV,0,160.75,-100
SmartyAds,Reseller,Open Auction - Seedtag,Native,0,0.0015883032174315304,-100
Lowbrow Customs,Direct,Open Auction - BFM,CTV,0,5.59,-100
Amobee,Direct,Open Auction - BFM,Display,0,377.43999999999994,-100
OTT Advisors (Demand),Direct,Unknown,CTV,0,0,
Beeswax,Direct,DSP Marketplace - BFM,Display,0,32.410000000000004,-100
Elementary Innovation Pte. Ltd.,Reseller,Open Auction - Seedtag,Native,0,2.9324913120362908,-100
Xandr,Direct,PMP External Web,Online Video,0,5585.371644678953,-100
Aceex,Direct,Open Auction - BFM,CTV,0,37.830000000000005,-100
TheTradeDesk,Direct,PMP Web - O&O,Native,0,292.9605612754822,-100
Storygize,Direct,Open Auction - BFM,CTV,0,5511.000000000001,-100
NextRoll,Reseller,Open Auction - Seedtag,Display,0,0.000155699992319569,-100
Yahoo DSP,Direct,Unknown,CTV,0,0,
SimpliFi,Direct,Select - BFM,CTV,0,366.37999999999994,-100
Storygize,Direct,Open Auction - BFM,Display,0,0,
Aceex,Direct,DSP Marketplace - BFM,CTV,0,158.62,-100
Amazon DSP,Unknown,PMP External Web,Display,0,0,
OMG,Direct,Open Auction - BFM,CTV,0,31.620000000000005,-100
535Media,Direct,Open Auction - BFM,CTV,0,2949.6000000000004,-100.00000000000001
JamLoop OpenRTB,Direct,Unknown,CTV,0,0,
DSP Not Found,Direct,Open Auction - BFM,Display,0,0,
Beeswax,Direct,Unknown,Display,0,0,
DeepIntent,Direct,DSP Marketplace - BFM,Display,0,0,
SimpliFi,Direct,DSP Marketplace - BFM,CTV,0,15920.119999999984,-100
Aceex,Direct,DSP Marketplace - BFM,Display,0,93.81999999999998,-100
AppNexus,Reseller,PMP External Web,Native,0,2275.6884530800435,-100
PulsePoint,Unknown,PMP External Web,Display,0,0,
Elementary Innovation Pte. Ltd.,Reseller,Open Auction - Seedtag,Display,0,147.89983181986827,-100
JamLoop OpenRTB,Direct,Open Auction - BFM,CTV,0,0,
Appier,Reseller,Open Auction - Seedtag,Native,0,0.6625240114917688,-100
Stirista,Direct,Unknown,Display,0,0,
TheTradeDesk,Direct,Unknown,CTV,0,0,
Demandbase,Reseller,Open Auction - Seedtag,Native,0,0.0015123499615583569,-100
Conversant,Direct,Unknown,Display,0,0,
SuperAwesome,Direct,Unknown,CTV,0,0,
StackAdapt,Direct,PMP CTV - O&O,CTV,0,9294.909999999998,-100
Unruly,Direct,Open Auction - BFM,CTV,0,297.59,-100
GroundTruth,Direct,Unknown,CTV,0,0,
Aroscop,BidSwitch,Open Auction - BFM,CTV,0,0.47000000000000003,-100
PulsePoint,Direct,Unknown,CTV,0,0,
DSP Not Found,Reseller,Unknown,Display,0,0,
Opera,Direct,Unknown,Display,0,0,
The Media Sense,Direct,Open Auction - BFM,CTV,0,41.449999999999996,-100.00000000000001
Excelate,BidSwitch,Open Auction - BFM,Display,0,0,
Sportradar,BidSwitch,PMP Web - O&O,Display,0,0,
PulsePoint,Reseller,Open Auction - Seedtag,Native,0,99.30276227922877,-100
BidSwitch,Direct,PMP CTV - O&O,CTV,0,0,
BidSwitch,Direct,Select - BFM,CTV,0,3303.9499999999994,-100
Inspiritum,BidSwitch,Open Auction - BFM,Display,0,31.640000000000004,-100
Edge226,Reseller,Open Auction - Seedtag,Online Video,0,,
Amobee,Direct,Select - BFM,CTV,0,0,
DSP Not Found,Direct,Unknown,Display,0,0,
Marketing Architects,Direct,Select - BFM,CTV,0,32.78000000000001,-100
StackAdapt,Direct,Select - BFM,CTV,0,14706.11,-100
DeepIntent,Direct,Open Auction - Seedtag,Native,,0,
NINE MEDIA INC,Reseller,Open Auction - Seedtag,Online Video,,0,
AdMixerBidswitch,BidSwitch,Open Auction - Seedtag,Online Video,,0,
So-Net Media Networks OpenRTB,Reseller,Open Auction - Seedtag,Native,,0,
Tubia DSP,Reseller,Open Auction - Seedtag,Display,,0,
Hybrid Adtech Inc,Reseller,Open Auction - Seedtag,Native,,0,
NINE MEDIA INC,Reseller,Open Auction - Seedtag,Display,,0,
NINE MEDIA INC,Reseller,Open Auction - Seedtag,Native,,0,
Viant,Direct,Open Auction - Seedtag,Native,,0,
