dsp_group_name,connection_type,business_line,product_category,last_7_days,previous_7_days,abs_change,change_pct
Xandr,Direct,Direct Web - O&O,Online Video,640932.0622065496,529810.2667628555,111121.7954436941,20.97388488196899
MSAN,Direct,Open Auction - Seedtag,Display,215521.36492002776,148178.02312737418,67343.34179265358,45.447590925656414
TheTradeDesk,Reseller,PMP External Web,Online Video,176036.11158633683,119481.57715503436,56554.53443130247,47.33326741905963
DV360,BidSwitch,PMP Web - O&O,Online Video,108257.85536640229,56752.595739957556,51505.259626444735,90.75401566202135
Beeswax,Direct,Open Auction - BFM,CTV,68162.77000000034,28050.289999999994,40112.480000000345,143.0020153089339
DV360,Unknown,Direct External Web,Native,642161.3389146036,606732.5883599329,35428.750554670696,5.8392694301188985
Amazon DSP,Reseller,Open Auction - Seedtag,Online Video,173339.57596030837,147384.71519049833,25954.86076981004,17.610279828720873
DSP Not Found,Reseller,Open Auction - Seedtag,Online Video,125730.8740890532,104805.83931913103,20925.034769922175,19.965523777931867
Pubmatic,Reseller,Direct External Web,Online Video,71461.46594320016,57112.29649244964,14349.169450750524,25.124483398505106
DSP Not Found,Reseller,Direct Web - O&O,Display,20364.99423554819,8620.500247838907,11744.493987709284,136.2391236013657
TheTradeDesk,Direct,PMP Web - O&O,Online Video,132850.73014705628,121439.11460729875,11411.615539757535,9.396985128440383
Magnite,Reseller,Open Auction - Seedtag,Online Video,35752.31927836788,24384.76438207997,11367.554896287911,46.61744816628932
DV360,BidSwitch,PMP CTV - O&O,CTV,30825.570000000003,20166.75,10658.820000000003,52.853434489940135
Amazon DSP,Reseller,PMP External Web,Online Video,20903.676360062887,10313.592980643876,10590.083379419011,102.68083488745425
Outbrain/Teads,Direct,Open Auction - Seedtag,Display,37809.299379475684,27692.98147989372,10116.317899581965,36.53025914499976
MSAN,Direct,Open Auction - Seedtag,Native,207580.00614281325,197478.40530447697,10101.600838336279,5.1152939091043335
Outbrain/Teads,Direct,Open Auction - Seedtag,Native,48146.94011822688,38741.94784126086,9404.992276966019,24.275992305553455
Baidu,Reseller,Open Auction - Seedtag,Display,13460.350319040228,5818.969749993855,7641.380569046373,131.31844462766702
StackAdapt,Direct,Open Auction - BFM,CTV,61105.580000000446,53521.02999999996,7584.550000000483,14.171158514700648
StackAdapt,Direct,Open Auction - Seedtag,Display,81883.99847479095,74369.04909196473,7514.94938282622,10.104942142709445
TheTradeDesk,Direct,Direct External Web,Native,7188.0125832036965,0,7188.0125832036965,
DSP Not Found,Reseller,Open Auction - Seedtag,Native,100723.57345696156,94035.07656336454,6688.496893597025,7.112768062766506
DV360,Reseller,PMP External CTV,CTV,40750.5312835164,34512.7032268783,6237.8280566381,18.074006013473074
Conversant,Direct,Open Auction - Seedtag,Online Video,19055.998816204927,13219.554537387132,5836.444278817795,44.15008283608457
Yahoo DSP,Direct,Select - BFM,CTV,10137.140000000001,4601.299999999999,5535.840000000002,120.31034707582647
Pubmatic,Reseller,PMP External CTV,CTV,12903.24453623611,7842.877555680483,5060.366980555627,64.52181542590164
Amazon DSP,Reseller,PMP Web - O&O,Display,16038.527165916283,11117.046175042167,4921.480990874115,44.269682012501384
TheTradeDesk,Direct,PMP Web - O&O,Display,165100.17532924097,160313.22432219656,4786.9510070444085,2.985998832774783
TheTradeDesk,Direct,Direct External Web,Display,14028.275160726895,9361.827893654956,4666.447267071939,49.8454716331055
Adtheorent,Reseller,PMP External Web,Display,20916.423145505963,16282.96965048543,4633.453495020534,28.455825899561273
Adobe DSP,Reseller,PMP External Web,Online Video,5848.730346333334,1278.9537277624472,4569.776618570886,357.30586020229157
Conversant,Reseller,Open Auction - Seedtag,Display,28539.41673389262,23987.15737773898,4552.259356153641,18.977902568723362
DV360,Reseller,Open Auction - Seedtag,Display,987293.2054346289,982748.8267633949,4544.378671234008,0.46241506959622203
StackAdapt,Direct,Open Auction - Seedtag,Online Video,30069.69466100764,25732.270286966203,4337.424374041439,16.855972386697694
TheTradeDesk,Reseller,PMP External CTV,CTV,12116.363316246458,8122.491664177068,3993.8716520693897,49.17052324822583
Pubmatic,Direct,Open Auction - BFM,CTV,9958.200000000026,6186.400000000001,3771.8000000000256,60.969222811328486
DV360,Reseller,PMP External Web,Native,6398.908933206503,2777.2868411216436,3621.6220920848596,130.40144210031326
Outbrain/Teads,Reseller,Open Auction - Seedtag,Native,27035.053392043315,23703.219303690526,3331.834088352789,14.056462312838795
SmartAdServerVideo,Reseller,PMP External Web,Online Video,3187.200029104184,0,3187.200029104184,
Yahoo DSP,Reseller,Open Auction - Seedtag,Online Video,10755.339924300642,7604.883939001338,3150.4559852993043,41.42674642465376
Pubmatic,Reseller,Open Auction - Seedtag,Online Video,10779.298479579498,7726.075535906246,3053.2229436732523,39.5184195324479
Viant,Direct,DSP Marketplace - BFM,CTV,16273.080000000007,13579.490000000002,2693.5900000000056,19.835722843788727
RtbHouse,Direct,Open Auction - Seedtag,Display,58554.78863540623,56038.8946745978,2515.8939608084256,4.489549580550292
Adobe DSP,Reseller,PMP External Web,Display,3519.8500008578067,1016.9282549631671,2502.9217458946396,246.1256960536803
Opera,Direct,Open Auction - Seedtag,Native,13100.345590816454,10615.140627859117,2485.2049629573376,23.411889206959653
MadHive,Direct,DSP Marketplace - BFM,CTV,6943.259999999992,4458.599999999999,2484.6599999999926,55.727358363611735
LinkedIn,Reseller,Open Auction - Seedtag,Native,11981.971412763764,9681.475622391488,2300.495790372275,23.76183011866133
TheTradeDesk,Direct,Direct External CTV,CTV,3382.260443023121,1121.814688911552,2260.445754111569,201.4990333479036
Clickagy,Reseller,Open Auction - Seedtag,Display,4467.062070451771,2279.4561222857956,2187.605948165976,95.97052238813379
DSP Not Found,Reseller,Direct Web - O&O,Online Video,6705.962659936398,4816.178003311157,1889.784656625241,39.238264352480336
Viant,Direct,PMP CTV - O&O,CTV,7948.91,6072.960000000001,1875.949999999999,30.89020839919905
DeepIntent,Reseller,PMP External Web,Display,26771.749136747443,25017.34019090466,1754.4089458427843,7.0127716713890305
Pubmatic,Reseller,Direct External CTV,CTV,14357.960037804383,12606.559910391206,1751.400127413177,13.892768049827382
Yahoo DSP,Reseller,PMP External Web,Display,12867.408167436177,11187.636362393607,1679.7718050425701,15.014537035624397
Aqua DSP - RTB,Reseller,Open Auction - Seedtag,Online Video,2686.9607625884237,1079.1769336331636,1607.78382895526,148.9824123225545
OpenX,Reseller,Open Auction - Seedtag,Online Video,2917.0243712421943,1332.8697299546293,1584.154641287565,118.85292355926556
Opera,Direct,Open Auction - Seedtag,Display,4822.481409019223,3324.8764781704376,1497.6049308487854,45.04242309996625
Amazon DSP,Reseller,PMP Web - O&O,Online Video,5656.07379668206,4180.235300844535,1475.8384958375245,35.30515364863217
LinkedIn,Reseller,Open Auction - Seedtag,Display,17584.2718894368,16225.334404277179,1358.9374851596222,8.375405099825807
Emodo,Reseller,Open Auction - Seedtag,Online Video,1919.7323814046804,563.1245116653517,1356.6078697393286,240.90726680097362
NextRoll,BidSwitch,Open Auction - Seedtag,Display,19492.30567906634,18172.941721065057,1319.3639580012823,7.2600461623224675
Pubmatic,Reseller,Direct External Web,Display,1206.5520197762864,0,1206.5520197762864,
Basis Technologies,Reseller,PMP External Web,Display,2636.0062684364393,1479.32478922817,1156.6814792082694,78.18982603622575
Equativ Direct Demand,Reseller,Open Auction - Seedtag,Display,37521.81767883392,36481.29432885401,1040.523349979907,2.852210616762382
Conversant,Reseller,Open Auction - Seedtag,Online Video,20761.97785042372,19731.3984772617,1030.5793731620179,5.223042727304144
Storygize,Reseller,Open Auction - Seedtag,Native,2167.3258991241455,1172.7942638397217,994.5316352844238,84.80017902102735
StackAdapt,Direct,Open Auction - Seedtag,Native,46278.61232462732,45470.360768392886,808.2515562344342,1.7775349537060672
TheTradeDesk,Direct,Direct External Web,Other,16634.19331190867,15857.108002603725,777.0853093049463,4.900548758180555
Basis Technologies,Direct,DSP Marketplace - BFM,CTV,3611.999999999999,2897.45,714.5499999999993,24.66134014391963
Nexxen,Reseller,PMP External Web,Native,6588.115818149463,5885.004586260148,703.1112318893147,11.947505249713554
MadHive,Reseller,Open Auction - Seedtag,Online Video,946.0042427056324,338.86065119983687,607.1435915057955,179.17205475348734
Outbrain/Teads,Direct,Open Auction - Seedtag,Online Video,4510.063371414464,3905.765605443992,604.297765970472,15.471941407036324
Nexxen,Reseller,Open Auction - Seedtag,Display,13292.373416005987,12698.286431831395,594.0869841745916,4.6784815208244614
Basis Technologies,Reseller,PMP External Web,Native,584.9149930604818,64.3789657299197,520.5360273305621,808.5498445475125
Pubmatic,Reseller,PMP External Web,Online Video,13911.839906091343,13399.606948541168,512.2329575501753,3.8227461411167942
Magnite,Reseller,Open Auction - Seedtag,Display,47369.22395507258,46882.167936132944,487.05601893963467,1.0388939769234768
Viant,Direct,PMP Web - O&O,Display,1463.8371124267578,983.9048881530762,479.93222427368164,48.77831486075651
Conversant,Direct,DSP Marketplace - BFM,CTV,10794.98000000001,10326.240000000002,468.7400000000089,4.539309564759378
Criteo,Reseller,Open Auction - Seedtag,Online Video,1893.7089474097338,1452.823647502286,440.8852999074479,30.346787145530286
Adello Group AG,Reseller,Open Auction - Seedtag,Display,919.0257742279209,480.71411119202094,438.3116630359,91.17927949920669
Opt Out Advertising B.V.,Reseller,Open Auction - Seedtag,Display,581.8149297209247,160.55026193154845,421.2646677893763,262.3880289706316
DBM,Direct,Open Auction - BFM,CTV,579.2200000000004,165.97999999999996,413.2400000000004,248.96975539221626
Opera,Reseller,Open Auction - Seedtag,Native,1188.6380990124162,781.248894250115,407.38920476230123,52.14589201477661
Emodo,Reseller,Open Auction - Seedtag,Display,444.4648707965853,39.196503393081,405.26836740350427,1033.9401026139553
AdMixerBidswitch,BidSwitch,Open Auction - Seedtag,Display,616.3888912682196,225.32182858278702,391.0670626854326,173.5593329528426
Yahoo DSP,Reseller,PMP External Web,Online Video,11224.329816090216,10839.686056668686,384.64375942152947,3.5484769338397273
Illumin,Direct,Open Auction - Seedtag,Online Video,2211.4090862123994,1835.777308255434,375.6317779569654,20.46172900535162
Basis Technologies,Reseller,PMP Web - O&O,Display,445.30575037002563,92.86311435699463,352.442636013031,379.52920107560914
Criteo,Reseller,Open Auction - Seedtag,Native,4931.540554749779,4598.132095943525,333.4084588062542,7.250954340793892
Equativ Direct Demand,Reseller,PMP External Web,Online Video,3282.458509821443,2953.99560038156,328.4629094398829,11.119275512714243
Bidtellect,Reseller,Open Auction - Seedtag,Online Video,553.7827717548644,227.40783179015853,326.37493996470585,143.51965690692202
DeepIntent,Direct,Open Auction - Seedtag,Online Video,498.65113810182083,173.53777190682013,325.1133661950007,187.34443955496215
Criteo,Reseller,Open Auction - Seedtag,Display,15807.418662672138,15506.14588584171,301.2727768304285,1.9429249476203718
Viant,Direct,Open Auction - Seedtag,Display,4155.548598473833,3873.2884424736258,282.26015600020764,7.2873518250023706
Smadex,Reseller,Open Auction - Seedtag,Display,1164.1219429806697,884.5667391976458,279.5552037830239,31.603630500124495
Cox Automotive DSP,Reseller,Open Auction - Seedtag,Display,573.1395614960347,306.24187969526974,266.897681800765,87.15257432012409
OnSpot Data,BidSwitch,Open Auction - BFM,CTV,512.1100000000001,257.54,254.5700000000001,98.84678108255032
Hawk DSP,Reseller,Open Auction - Seedtag,Display,4082.483041031068,3849.7189851226976,232.7640559083702,6.046260955874721
GroundTruth,Direct,Open Auction - BFM,CTV,359.32,130.76,228.56,174.7935148363414
Sharethrough,Reseller,Open Auction - Seedtag,Native,359.60905779286986,142.05554325081175,217.5535145420581,153.1467970651085
Viant,Reseller,Open Auction - Seedtag,Native,268.6633431686914,59.70414814399919,208.95919502469224,349.9910835687797
Cognitiv,Reseller,Open Auction - Seedtag,Online Video,3166.916999996043,2971.2556125041738,195.6613874918694,6.585141536408105
Pelmorex Audience,Reseller,Open Auction - Seedtag,Display,383.5253085133154,202.74408949713688,180.7812190161785,89.16719568228473
Samsung DSP,Reseller,Open Auction - Seedtag,Online Video,302.423001176212,133.1275926809758,169.2954084952362,127.16778324154949
Basis Technologies,Direct,Open Auction - BFM,CTV,3731.8099999999954,3566.4999999999995,165.30999999999585,4.635076405439391
Baidu,Reseller,Open Auction - Seedtag,Native,1308.0672868736547,1151.705661280368,156.3616255932866,13.57652661179568
Verve,Reseller,Open Auction - Seedtag,Display,1035.970119526086,884.809780365671,151.16033916041488,17.08393628944109
Simpli.fi,Reseller,Open Auction - Seedtag,Display,7527.266638318426,7381.463993553858,145.80264476456796,1.975253755784701
Outbrain/Teads,Reseller,Open Auction - Seedtag,Online Video,394.8923405297537,255.85769569133117,139.03464483842254,54.340614794778375
33Across,Reseller,Open Auction - Seedtag,Display,337.1747030937113,205.56398043979425,131.61072265391704,64.02421395632747
Mediasmart,Reseller,Open Auction - Seedtag,Display,1082.7762660655526,953.6964579134874,129.0798081520652,13.534684655793741
RtbHouse,Direct,Open Auction - Seedtag,Online Video,1835.91043187767,1718.2160550332246,117.69437684444529,6.849800786093194
StackAdapt,Direct,PMP Web - O&O,Display,742.1478137555532,624.8248748779297,117.32293887762353,18.776931520299122
StackAdapt,Reseller,PMP External Web,Online Video,101.31917306006392,0,101.31917306006392,
Crimtan DSP,Reseller,Open Auction - Seedtag,Display,354.7304065353528,254.35914333822438,100.37126319712843,39.460450243639784
LiquidM,Reseller,Open Auction - Seedtag,Display,544.5715174444049,444.7659050757211,99.8056123686838,22.44003221238192
Basis Technologies,Reseller,Open Auction - Seedtag,Native,1272.5420173126367,1175.905604370968,96.63641294166882,8.218041701856071
StackAdapt,Reseller,PMP External Web,Display,94.74226846479945,0,94.74226846479945,
Smadex,Reseller,Open Auction - Seedtag,Native,1366.8544308519486,1275.1200582131278,91.73437263882079,7.194175328664464
Blis Media,Reseller,Open Auction - Seedtag,Display,3137.8973205559305,3048.124430923868,89.77288963206229,2.9451845443479048
Hawk DSP,Reseller,Open Auction - Seedtag,Online Video,412.80857195233693,324.760147509689,88.04842444264796,27.111831644928383
Knorex,BidSwitch,Open Auction - BFM,CTV,84.46000000000001,0.01,84.45,844500
TAPTAP,Reseller,Open Auction - Seedtag,Online Video,535.9760948313633,453.711054386702,82.26504044466128,18.131592706257063
S4M OpenRTB,Reseller,Open Auction - Seedtag,Display,91.48489165763021,23.408880775510625,68.07601088211959,290.8127540780925
Adtelligent,Direct,Open Auction - BFM,CTV,3620.8099999999904,3556.4899999999993,64.31999999999107,1.8085246971027917
Media.net,Reseller,Open Auction - Seedtag,Display,158.02554296495873,97.70961055185035,60.315932413108385,61.72978489265524
DeepIntent,Direct,DSP Marketplace - BFM,CTV,66.83000000000001,9.510000000000002,57.32000000000001,602.7339642481599
Adtelligent,Direct,DSP Marketplace - BFM,CTV,136.66000000000003,84.38,52.28000000000003,61.95780990756107
Cloud Technologies S.A.,Reseller,Open Auction - Seedtag,Display,140.68640122322904,89.47157231501842,51.21482890821062,57.241453998248176
AdXperience,Reseller,Open Auction - Seedtag,Native,939.3365357089788,891.3168050943059,48.01973061467288,5.387504234209087
AdMatrix,Reseller,Open Auction - Seedtag,Display,58.07693778983594,10.738044351208373,47.338893438627565,440.8520945743759
DV360,BidSwitch,DSP Marketplace - BFM,CTV,45.609999999999964,0,45.609999999999964,
Jaduda (Splicky),Reseller,Open Auction - Seedtag,Display,250.34696871018969,207.45096977485537,42.89599893533432,20.67765649969675
SmartyAds,Direct,Open Auction - BFM,CTV,224.52000000000018,183.06,41.46000000000018,22.6483120288431
Molocoads DSP,Reseller,Open Auction - Seedtag,Online Video,865.9192249057232,826.1158871997322,39.803337705991,4.818130037531604
DV360,BidSwitch,Select - BFM,CTV,742.1999999999999,702.77,39.42999999999995,5.6106549795807945
Craid OpenRTB,Reseller,Open Auction - Seedtag,Display,41.974886224168586,14.5331390291758,27.441747194992786,188.82188589748225
StackAdapt,Reseller,Open Auction - Seedtag,Native,127.09136341969133,100.32939048115077,26.761972938540566,26.674110956119513
DEFINE MEDIA,Reseller,Open Auction - Seedtag,Display,94.5335895260796,68.83965311571956,25.69393641036004,37.32432580270051
Appier,Reseller,Open Auction - Seedtag,Display,52.219914800982224,27.987486230384093,24.23242857059813,86.58308349354594
Exponential DSP,Reseller,Open Auction - Seedtag,Display,786.8899020711833,763.0319120599161,23.857990011267248,3.126735544632612
Beeswax,Direct,Open Auction - Seedtag,Online Video,79.80477548367344,56.30471834569471,23.50005713797873,41.737278559312145
Sportradar,BidSwitch,Open Auction - Seedtag,Online Video,113.97401531146534,91.1303142259876,22.843701085477733,25.067071566141273
GroundTruth,Direct,Open Auction - BFM,Display,21.199999999999996,0.03,21.169999999999995,70566.66666666666
SmartAdServerORTB,Reseller,Unknown,Other,31.965036227022527,12.086052143582236,19.87898408344029,164.4787218131948
Storygize,Reseller,Open Auction - Seedtag,Online Video,98.47306851079338,80.59363865130581,17.879429859487573,22.18466638147983
VDX,Reseller,Open Auction - Seedtag,Online Video,101.30096724280156,86.61941644572653,14.681550797075033,16.949491695403086
Simpli.fi,Reseller,Open Auction - Seedtag,Native,74.26446132018464,59.835142502735835,14.429318817448802,24.115124012262612
JamLoop OpenRTB,Reseller,Open Auction - Seedtag,Online Video,21.12004212080501,8.665364066138864,12.454678054666147,143.72942624920475
Bidtheatre,Reseller,Open Auction - Seedtag,Display,35.94519660054357,24.011927861713048,11.93326873883052,49.69725382966057
DeepIntent,Direct,Open Auction - BFM,CTV,19.28,7.5,11.780000000000001,157.06666666666666
Knorex,Reseller,Open Auction - Seedtag,Display,83.2946808609995,71.99995919748471,11.294721663514792,15.687122311465655
Adform,Reseller,PMP Web - O&O,Online Video,3203.888263877481,3193.296038080007,10.592225797474384,0.3317019678464587
Sharethrough,Reseller,Open Auction - Seedtag,Display,800.6036797329725,790.0969318906282,10.506747842344339,1.3298049161136054
Basis Technologies,Direct,Select - BFM,CTV,212.14999999999998,201.89,10.259999999999991,5.08197533310218
Samsung DSP,BidSwitch,DSP Marketplace - BFM,CTV,15.17,5.170000000000001,10,193.4235976789168
Bidtheatre,Reseller,Open Auction - Seedtag,Online Video,9.695413202920463,0.03617000044323504,9.659243202477228,26705.123262678364
Pelmorex Audience,Reseller,Open Auction - Seedtag,Online Video,14.461328589823097,5.376861269120127,9.08446732070297,168.9548393758271
Jaduda (Splicky),Reseller,Open Auction - Seedtag,Online Video,25.106646843298222,16.23653656837996,8.870110274918261,54.630556446332676
Knorex,Reseller,Open Auction - Seedtag,Online Video,9.597436968848342,0.8215508453431539,8.775886123505188,1068.2097368957834
Molocoads DSP,Reseller,Open Auction - Seedtag,Display,25.478411260715802,16.788434555273852,8.68997670544195,51.76168556294675
GroundTruth,Direct,DSP Marketplace - BFM,Display,12.14,4.180000000000001,7.96,190.43062200956936
Digital To Store Limited,Reseller,Open Auction - Seedtag,Display,17.913023698638426,10.326613942583208,7.586409756055218,73.46463998979974
iPROM DSP,Reseller,Open Auction - Seedtag,Display,25.264841096162854,17.866076178444928,7.398764917717926,41.41236634065398
Paytunes OpenRTB,Reseller,Open Auction - Seedtag,Online Video,7.338340664238785,0.0029374980949796736,7.335403166143806,249716.01440968981
iPromote,Reseller,Open Auction - Seedtag,Display,38.82212870064541,31.74153648399806,7.0805922166473465,22.307024173883022
Driftpixel DSP,Reseller,Open Auction - Seedtag,Display,100.7450686025004,95.4268097068416,5.318258895658801,5.573128675261067
Vericast - RTB,Reseller,Open Auction - Seedtag,Display,108.83482460023879,103.6577163200127,5.1771082802260935,4.994426333147544
Temu,Reseller,Open Auction - Seedtag,Display,543.6460343302933,540.2951592572226,3.3508750730707106,0.620193428658026
Loblaw Media (Previously EyeReturn),Reseller,Open Auction - Seedtag,Display,4.738927115336992,1.4986356715671718,3.24029144376982,216.21608942361172
Temu,Reseller,Open Auction - Seedtag,Online Video,4.320227376294497,1.1236993550992338,3.196528021195263,284.46470194093666
Piximedia,Reseller,Open Auction - Seedtag,Display,4.646946417939034,1.8175231218338013,2.829423296105233,155.67467957439072
Digital East OpenRTB,Reseller,Open Auction - Seedtag,Display,47.98217512744304,45.530123313226795,2.4520518142162473,5.38555935231546
Azira,Reseller,Open Auction - Seedtag,Display,5.586299101123586,3.271513418876566,2.3147856822470203,70.7558058264641
AdXperience,Reseller,Open Auction - Seedtag,Display,41.612602747627534,39.47348962069373,2.1391131269338075,5.419113302342519
Infillion,BidSwitch,Open Auction - BFM,Display,2.0600000000000005,0.13,1.9300000000000006,1484.615384615385
Sqreem,Reseller,Open Auction - Seedtag,Online Video,14.59667942285887,12.954845645232126,1.6418337776267435,12.6735109208422
AllMediaDesk Gmbh OpenRTB,Reseller,Open Auction - Seedtag,Display,3.554520176257938,2.013324171770364,1.541196004487574,76.5498187573223
Blockboard DSP,Reseller,Open Auction - Seedtag,Display,19.376848650339525,17.989525716024218,1.387322934315307,7.711837189123588
GroundTruth,Reseller,Open Auction - Seedtag,Online Video,4.592880680604139,3.5720391085997107,1.0208415720044286,28.578678479380166
Krush Media,Direct,Open Auction - BFM,CTV,1.31,0.34,0.97,285.2941176470588
Loblaw Media (Previously EyeReturn),Reseller,Open Auction - Seedtag,Online Video,1.9469633037224412,1.0276035969145596,0.9193597068078816,89.46637687609437
RtbHouse,Reseller,PMP External Web,Display,0.8756281653730253,0,0.8756281653730253,
Conversant,Reseller,Open Auction - Seedtag,Native,1.6615299799886998,0.7865999847708736,0.8749299952178262,111.22934301513902
ThinkNear,Reseller,Open Auction - Seedtag,Display,1.3990766135975718,0.5534944231039844,0.8455821904935874,152.77158272915943
RtbHouse,Reseller,PMP Web - O&O,Display,0.818976002978161,0,0.818976002978161,
Viant,Direct,Select - BFM,Display,1.82,1.02,0.8,78.43137254901961
Active Agent,Reseller,Open Auction - Seedtag,Native,3.1234488116024295,2.3854772137419786,0.7379715978604509,30.936015385484726
IQM,Direct,Open Auction - BFM,CTV,22.88,22.169999999999998,0.7100000000000009,3.2025259359494855
Viant,Direct,PMP Web - O&O,Online Video,2.2577601969242096,1.55751733481884,0.7002428621053696,44.95891290910205
Delta Projects,Reseller,Open Auction - Seedtag,Display,1.2926351835485548,0.5955090913921595,0.6971260921563953,117.06388739199251
GroundTruth,Reseller,Open Auction - Seedtag,Display,3.704695466076373,3.0160379278677283,0.6886575382086448,22.8331856123411
Eskimi,Reseller,Open Auction - Seedtag,Native,1.0119005884416765,0.389235958131394,0.6226646303102825,159.97099376417074
Adipolo,Reseller,Open Auction - Seedtag,Online Video,1.2891236926643614,0.7494247970707875,0.539698895593574,72.01508379533861
ZetaBidswitch,Direct,Open Auction - BFM,CTV,0.32000000000000006,0,0.32000000000000006,
Quantcast,Reseller,PMP Web - O&O,Display,0.3064320064149797,0,0.3064320064149797,
Adform,Reseller,Open Auction - Seedtag,Native,27.19504954508011,26.91048039062298,0.28456915445713094,1.0574659029732139
Infillion,Reseller,Open Auction - Seedtag,Native,0.6855459433136275,0.40367611122201197,0.28186983209161554,69.82574005638745
Pontiac Intelligence,Reseller,Open Auction - Seedtag,Display,1.278805522073526,1.004744823614601,0.2740606984589249,27.276646967235216
Infillion,BidSwitch,Open Auction - BFM,CTV,6.270000000000001,6.010000000000001,0.2600000000000007,4.326123128119811
Knorex,BidSwitch,Open Auction - BFM,Display,0.28,0.02,0.26,1300
Nativo Inc,Reseller,Open Auction - Seedtag,Display,0.32749921386130154,0.07464258014806546,0.2528566337132361,338.756555858137
Yahoo DSP,Reseller,PMP Web - O&O,Display,3.485227670520544,3.2761446833610535,0.20908298715949059,6.381982707338454
Aroscop,BidSwitch,Open Auction - BFM,Display,0.19,0,0.19,
AdElement,BidSwitch,Open Auction - BFM,Display,0.57,0.39,0.17999999999999994,46.15384615384613
SmartyAds,Direct,Open Auction - BFM,Display,0.19,0.02,0.17,850
Groundhog - RTB,Reseller,Open Auction - Seedtag,Display,0.43657399433413957,0.2712079995226304,0.16536599481150915,60.97386327194619
MadHive,Reseller,Open Auction - Seedtag,Display,4.369651953360517,4.205070284355315,0.16458166900520155,3.9138862819372298
Vericast - RTB,Reseller,Open Auction - Seedtag,Online Video,0.6289790016935513,0.5150080045523282,0.11397099714122305,22.12994674525352
RtbHouse,Reseller,PMP Web - O&O,Native,0.1130024999147281,0,0.1130024999147281,
AdXperience,Reseller,Open Auction - Seedtag,Online Video,0.9531281634699553,0.8449687947286293,0.10815936874132603,12.80039800476449
Mediasmart,Reseller,Open Auction - Seedtag,Native,0.06889095029328018,0.014707579975947738,0.05418337031733245,368.40439015760603
inMarket OpenRTB,Reseller,Open Auction - Seedtag,Display,0.057503739604726434,0.017924981541000307,0.03957875806372613,220.80222494621006
Hybrid Adtech Inc,Reseller,Open Auction - Seedtag,Online Video,0.03658657049527392,0.005902399978367612,0.030684170516906306,519.8592204758111
Beeswax,Direct,Open Auction - BFM,Display,0.6300000000000001,0.6,0.030000000000000138,5.000000000000023
Pontiac Intelligence,Reseller,Open Auction - Seedtag,Online Video,0.1388024501502514,0.108949966263026,0.02985248388722539,27.40017726591654
WMG,Reseller,Open Auction - Seedtag,Online Video,0.10489440613309853,0.08108313743650797,0.02381126869659056,29.366486607941063
IQM,Direct,DSP Marketplace - BFM,CTV,0.02,0,0.02,
Stirista,Direct,Open Auction - BFM,Display,0.03,0.01,0.019999999999999997,199.99999999999997
IPONWEB BidCore,BidSwitch,Open Auction - BFM,CTV,0.060000000000000005,0.05,0.010000000000000002,20.000000000000004
Webeye,BidSwitch,Open Auction - BFM,Display,0.01,0,0.01,
MarketOps,Reseller,Open Auction - Seedtag,Display,0.029626399918925017,0.02710890071466565,0.002517499204259366,9.28661486777818
Beeswax,Reseller,Open Auction - Seedtag,Display,0.002059000078588724,0,0.002059000078588724,
SmartyAds,Reseller,Open Auction - Seedtag,Online Video,0.0009109420352615416,0,0.0009109420352615416,
Carta OpenRTB,Reseller,Open Auction - Seedtag,Online Video,0.00044999999227002263,0,0.00044999999227002263,
WMG,Reseller,Open Auction - Seedtag,Display,2.5539298803778365e-05,0,2.5539298803778365e-05,
Adtheorent,Direct,DSP Marketplace - BFM,Display,0.9400000000000001,0.94,1.1102230246251565e-16,1.1810883240693156e-14
Adform,BidSwitch,Open Auction - BFM,Display,0,0,0,
Lemma DSP,Direct,Open Auction - BFM,Display,0,0,0,
Xandr,Direct,DSP Marketplace - BFM,CTV,0,0,0,
Madopi,BidSwitch,Open Auction - BFM,Display,0,0,0,
Unruly,Direct,Open Auction - BFM,Display,0,0,0,
LoopMe,Direct,DSP Marketplace - BFM,CTV,0,0,0,
StackAdapt,Direct,Select - BFM,Display,0,0,0,
Seedtag POC,Direct,Open Auction - BFM,CTV,0,0,0,
Quantcast,BidSwitch,Open Auction - BFM,CTV,0,0,0,
Samsung DSP,BidSwitch,Open Auction - BFM,Display,0,0,0,
Marketperf,BidSwitch,Open Auction - BFM,Display,0,0,0,
TheTradeDesk,Direct,Unknown,Other,0,0,0,
BidSwitch,Direct,Open Auction - BFM,CTV,0,0,0,
Streamworx Lda.,BidSwitch,Open Auction - BFM,Display,0,0,0,
Lift,BidSwitch,Open Auction - BFM,Display,0,0,0,
Beeswax,Direct,Select - BFM,CTV,0,0,0,
Hybrid Adtech Inc,Reseller,Open Auction - Seedtag,Display,0,0,0,
Stirista,Direct,Open Auction - BFM,CTV,0,0,0,
Pangle DSP,Reseller,Open Auction - Seedtag,Online Video,0,0,0,
Amobee,Direct,DSP Marketplace - BFM,CTV,0,0,0,
Marketing Architects,Direct,Open Auction - BFM,Display,0,0,0,
OTT Advisors (Demand),Direct,Open Auction - BFM,CTV,0,0,0,
Xandr,Direct,PMP CTV - O&O,CTV,0,0,0,
Between Exchange,BidSwitch,Open Auction - BFM,Display,0,0,0,
Stirista,Reseller,Open Auction - Seedtag,Display,0,0,0,
Viant,Direct,Open Auction - Seedtag,Native,0,0,0,
DSP Not Found,Direct,PMP CTV - O&O,CTV,0,0,0,
Unruly,Direct,Open Auction - BFM,CTV,0,0,0,
DSP Not Found,Direct,Open Auction - BFM,Display,0,0,0,
DV360,Unknown,Unknown,Other,0,0,0,
SmartyAds,Reseller,Open Auction - Seedtag,Native,0,0,0,
BidSwitch,Direct,Select - BFM,CTV,0,0,0,
Adtelligent,Direct,Select - BFM,CTV,0,0,0,
StackAdapt,Direct,PMP CTV - O&O,CTV,0,0,0,
StackAdapt,Direct,Select - BFM,CTV,0,0,0,
BidSwitch,Direct,DSP Marketplace - BFM,CTV,0,0,0,
Amobee,Direct,PMP CTV - O&O,CTV,0,0,0,
Amazon DSP,BidSwitch,PMP CTV - O&O,CTV,0,0,0,
BidSwitch,Direct,PMP CTV - O&O,CTV,0,0,0,
BizzClick,Direct,Open Auction - BFM,CTV,0,0,0,
The Media Sense,Direct,Open Auction - BFM,CTV,0,0,0,
Pangle DSP,Reseller,Open Auction - Seedtag,Native,0,1.2013000741717406e-05,-1.2013000741717406e-05,-100
CyberAgent Dynalyst OpenRTB,Reseller,Open Auction - Seedtag,Display,0.00015750000602565706,0.00031999999919207767,-0.0001624999931664206,-50.781247992716764
Danoler,Reseller,Open Auction - Seedtag,Display,0,0.000635034404695034,-0.000635034404695034,-100
GeoSpot,Reseller,Open Auction - Seedtag,Online Video,0,0.0011500000255182385,-0.0011500000255182385,-100
Deqwas OpenRTB,Reseller,Open Auction - Seedtag,Display,0.001879999996162951,0.005486049776664004,-0.0036060497805010527,-65.73126251679483
Knorex,Reseller,Open Auction - Seedtag,Native,0.004580000007990748,0.009189874966978095,-0.004609874958987348,-50.1625427500589
Octillion,Reseller,Open Auction - Seedtag,Display,0.020040001720190048,0.02505000215023756,-0.005010000430047512,-20
MediaMath,Reseller,Open Auction - Seedtag,Display,5.029895291593036,5.035623485347514,-0.005728193754478639,-0.1137534164566978
Arago DSP,Reseller,Open Auction - Seedtag,Display,0.09306946345168399,0.09940601402558968,-0.006336550573905697,-6.3744136972180625
Equativ Direct Demand,Reseller,PMP Web - O&O,Display,0.07564511196687818,0.08925847755745053,-0.013613365590572357,-15.251621989418561
DSP Not Found,Reseller,PMP Web - O&O,Display,0.04865726875141263,0.06361405272036791,-0.014956783968955278,-23.51176089142081
Carta OpenRTB,Reseller,Open Auction - Seedtag,Display,0.0008200000156648457,0.018408197713142727,-0.01758819769747788,-95.54546279628778
Crimson,Reseller,Open Auction - Seedtag,Native,0.4404445132240653,0.46163982059806585,-0.02119530737400055,-4.591308294536096
AllMediaDesk Gmbh OpenRTB,Reseller,Open Auction - Seedtag,Online Video,0.04766894521890208,0.06938324338989332,-0.021714298170991242,-31.29617053064176
Samsung DSP,Reseller,Open Auction - Seedtag,Display,0.06798498844727874,0.08995223976671696,-0.02196725131943822,-24.42101650432308
Unicorn OpenRTB,Reseller,Open Auction - Seedtag,Display,0.0038400000921683386,0.029321323934709653,-0.025481323842541315,-86.90372883325821
RtbHouse,Reseller,PMP Web - O&O,Online Video,0,0.02565000019967556,-0.02565000019967556,-100
Madopi,BidSwitch,Open Auction - Seedtag,Online Video,0.28171709895832464,0.3080499053830863,-0.026332806424761657,-8.548227402314755
IPONWEB BidCore,BidSwitch,Open Auction - BFM,Display,0,0.03,-0.03,-100
SmartyAds,Reseller,Open Auction - Seedtag,Display,0.12629839414148591,0.15948627999750897,-0.03318788585602306,-20.809241933877587
Proof140,Reseller,Open Auction - Seedtag,Online Video,0.012056210397531686,0.05084118798367854,-0.03878497758614685,-76.28652894302535
IQM,Direct,Open Auction - BFM,Display,0.14,0.18,-0.03999999999999998,-22.222222222222214
Webeye,BidSwitch,Open Auction - BFM,CTV,0,0.04,-0.04,-100
BidSwitch,Direct,Open Auction - BFM,Display,0,0.04,-0.04,-100
Quantcast,BidSwitch,Open Auction - BFM,Display,0.03,0.07,-0.04000000000000001,-57.14285714285715
Zeasn,Direct,Open Auction - BFM,CTV,0.14,0.18000000000000002,-0.04000000000000001,-22.222222222222225
iPromote,Reseller,Open Auction - Seedtag,Native,0.3750660010264255,0.41950359122711234,-0.04443759020068683,-10.592898637816202
DeepIntent,Direct,Open Auction - BFM,Display,15.489999999999995,15.549999999999999,-0.06000000000000405,-0.3858520900321804
Opt Out Advertising B.V.,Reseller,Open Auction - Seedtag,Online Video,0.03528000018559396,0.09754000278189778,-0.06226000259630382,-63.83022433936049
Sqreem,Reseller,Open Auction - Seedtag,Display,14.098708037607139,14.183516957498796,-0.08480891989165684,-0.597939990101105
OnSpot Data,BidSwitch,Open Auction - BFM,Display,0.45,0.55,-0.10000000000000003,-18.181818181818187
Pubeasy - RTB,Reseller,Open Auction - Seedtag,Display,0.06156199922315864,0.19376700366956356,-0.13220500444640493,-68.22885318072933
FreakOut,Reseller,Open Auction - Seedtag,Display,2.1770293125291573,2.3233768021673313,-0.146347489638174,-6.298913267174558
Media.net,Reseller,Open Auction - Seedtag,Native,0.07912585558369756,0.2327382059302181,-0.15361235034652054,-66.00220609785835
LoopMe,Reseller,Open Auction - Seedtag,Native,0.14997481399041135,0.31500519620021805,-0.1650303822098067,-52.389733312498436
"Front Porch, Inc. RTB",Reseller,Open Auction - Seedtag,Display,1.464834246391547,1.6354923391336342,-0.17065809274208732,-10.434661701472088
Sift,Reseller,Open Auction - Seedtag,Display,0.04121599996869918,0.22385200946064288,-0.1826360094919437,-81.58783561156922
iPromote,Reseller,Open Auction - Seedtag,Online Video,1.7480384190566838,1.933132111793384,-0.18509369273670018,-9.574808240342513
Metax,Direct,Open Auction - BFM,CTV,3.21,3.4000000000000004,-0.1900000000000004,-5.588235294117658
Krush Media,Direct,Open Auction - BFM,Display,1.9600000000000002,2.16,-0.19999999999999996,-9.259259259259258
Zeta DSP,BidSwitch,Open Auction - BFM,Display,0.01,0.21000000000000002,-0.2,-95.23809523809523
Stirista,Direct,DSP Marketplace - BFM,Display,2.43,2.64,-0.20999999999999996,-7.954545454545453
So-Net Media Networks OpenRTB,Reseller,Open Auction - Seedtag,Online Video,0.10427031460858416,0.3482815658862819,-0.24401125127769774,-70.06148908764536
Soapbox,Reseller,Open Auction - Seedtag,Online Video,0.06510847713798285,0.33135800156742334,-0.2662495244294405,-80.35101707820542
Chalk Digital OpenRTB,Reseller,Open Auction - Seedtag,Display,1.157935650247964,1.4308115073363297,-0.2728758570883656,-19.071404981664212
Excelate,Reseller,Open Auction - Seedtag,Online Video,0.006567080243257806,0.3008847463061102,-0.29431766606285237,-97.8174100469099
MediaMath,Reseller,Open Auction - Seedtag,Online Video,1.139739593869308,1.4356439639886958,-0.29590437011938775,-20.611264181215734
Arago DSP,Reseller,Open Auction - Seedtag,Native,0.5257881013094448,0.822739984098007,-0.2969518827885622,-36.09304136520348
Amazon DSP,BidSwitch,Open Auction - BFM,CTV,0.25,0.6300000000000001,-0.3800000000000001,-60.31746031746033
LiquidM,Reseller,Open Auction - Seedtag,Online Video,17.238262495258823,17.637143824736995,-0.3988813294781721,-2.2615982125105805
Krush Media,Reseller,Open Auction - Seedtag,Display,13.51584440478473,14.02524499642459,-0.5094005916398601,-3.6320263337269325
Paytunes OpenRTB,Reseller,Open Auction - Seedtag,Display,0.25391098295222037,0.9641877216126886,-0.7102767386604683,-73.66581452338639
Excelate,Reseller,Open Auction - Seedtag,Display,0.20552356433472596,0.9890669513551984,-0.7835433870204724,-79.22045984317624
GeoSpot,Reseller,Open Auction - Seedtag,Display,20.47349603040493,21.295819106213457,-0.8223230758085265,-3.861429662353763
Soapbox,Reseller,Open Auction - Seedtag,Display,2.0760864350013435,2.920711801853031,-0.8446253668516874,-28.91847686977603
Samsung DSP,BidSwitch,Open Auction - BFM,CTV,0.9400000000000002,1.81,-0.8699999999999999,-48.06629834254143
EQ Ads,Reseller,Open Auction - Seedtag,Display,1.499701686669141,2.411994434078224,-0.912292747409083,-37.82316967732672
Madopi,Reseller,Open Auction - Seedtag,Native,0.09062457857726258,1.0997568698667237,-1.0091322912894611,-91.75958058909465
SmartClip,Direct,Open Auction - BFM,CTV,8.66,9.68,-1.0199999999999996,-10.537190082644624
EASYmedia,Reseller,Open Auction - Seedtag,Display,1.140180146219791,2.283578404887521,-1.1433982586677303,-50.07046205291335
Converge Digital,Reseller,Open Auction - Seedtag,Display,3.5540512278676033,4.697562552988529,-1.143511325120926,-24.342652433514452
SmartyAds,Direct,DSP Marketplace - BFM,CTV,3.93,5.15,-1.2200000000000002,-23.689320388349515
Unicorn OpenRTB,Reseller,Open Auction - Seedtag,Online Video,0.004879999949480407,1.2401123036179342,-1.2352323036684538,-99.60648725641674
Exponential DSP,Reseller,Open Auction - Seedtag,Online Video,122.25766640905204,123.89511895555188,-1.6374525464998442,-1.3216441134273338
Opera,Reseller,Open Auction - Seedtag,Online Video,4.426771923637716,6.151128091049031,-1.7243561674113153,-28.0331695566632
Valassis OpenRTB,Reseller,Open Auction - Seedtag,Online Video,15.085897295932227,16.903724244755722,-1.8178269488234946,-10.754002623933388
Octillion,Direct,Open Auction - BFM,CTV,11.98,13.93,-1.9499999999999993,-13.998564249820527
Aqua DSP - RTB,Reseller,Open Auction - Seedtag,Display,0.7842890011525014,2.9006379303909853,-2.116348929238484,-72.96149950549723
Equative,Direct,Open Auction - BFM,CTV,9.399999999999999,11.620000000000001,-2.2200000000000024,-19.104991394148037
Converge Digital,Reseller,Open Auction - Seedtag,Online Video,0,2.8184749693609774,-2.8184749693609774,-100
Stirista,Direct,DSP Marketplace - BFM,CTV,7.9,10.9,-3,-27.522935779816514
Infillion,BidSwitch,DSP Marketplace - BFM,CTV,25.03,28.220000000000002,-3.1900000000000013,-11.304039688164426
IntentIQ LLC OpenRTB (m),Reseller,Open Auction - Seedtag,Display,2.0655314786126837,5.932893687859178,-3.867362209246494,-65.18509200932591
Crimson,Reseller,Open Auction - Seedtag,Display,12.185389620994101,16.299458587112895,-4.1140689661187935,-25.24052528573904
Octillion,Reseller,Open Auction - Seedtag,Online Video,30.46045048069209,34.62434752937406,-4.163897048681974,-12.025922062934104
AppNexus,Reseller,PMP External Web,Display,2.580809163031416,7.105246646023851,-4.524437482992434,-63.67741625865084
Tara Group,Reseller,Open Auction - Seedtag,Display,5.4862609704141505,10.049210476805456,-4.5629495063913055,-45.40604972821528
OneTag,Reseller,Open Auction - Seedtag,Online Video,0.9003029140003491,5.542124999978114,-4.641822085977765,-83.75527592748442
So-Net Media Networks OpenRTB,Reseller,Open Auction - Seedtag,Display,13.070758694773758,18.186743063865833,-5.115984369092075,-28.130294418997554
DeepIntent,Direct,Open Auction - Seedtag,Display,19.393563001649454,24.574037713744474,-5.18047471209502,-21.08108879965434
DV360,BidSwitch,Open Auction - BFM,Display,48.999999999999986,54.660000000000004,-5.660000000000018,-10.354921331869773
Tara Group,Reseller,Open Auction - Seedtag,Online Video,113.87682105205022,119.70507408725098,-5.82825303520076,-4.868843764260691
Basis Technologies,Direct,Open Auction - BFM,Display,224.9600000000001,230.87999999999997,-5.919999999999874,-2.5641025641025097
Chalk Digital OpenRTB,Reseller,Open Auction - Seedtag,Online Video,4.120453492447268,11.059856430685613,-6.939402938238345,-62.74405985040588
Adtheorent,Direct,Open Auction - BFM,Display,49.14999999999999,56.290000000000006,-7.140000000000015,-12.684313377154048
Zeta DSP,BidSwitch,DSP Marketplace - BFM,CTV,4.280000000000001,11.790000000000003,-7.510000000000002,-63.6980491942324
Hawk DSP,Reseller,Open Auction - Seedtag,Native,114.69668037869269,123.3724161554128,-8.675735776720103,-7.032151956715542
Madopi,Reseller,Open Auction - Seedtag,Display,516.0569951844154,525.3231218798146,-9.26612669539918,-1.7638908910465052
Account Insight - RTB,Reseller,Open Auction - Seedtag,Display,13.494028960703872,23.0010491599096,-9.507020199205726,-41.332985000424614
Nexxen,Direct,Open Auction - Seedtag,Native,2563.925673953385,2573.5286523518807,-9.602978398495907,-0.37314441359415196
Proof140,Reseller,Open Auction - Seedtag,Display,78.16441163664149,88.10458042638129,-9.9401687897398,-11.282238382652125
Active Agent,Reseller,PMP Web - O&O,Display,180.20510376803577,190.1835766369477,-9.978472868911922,-5.24675844537323
Conversant,Direct,Open Auction - BFM,Display,126.10999999999997,136.49,-10.380000000000038,-7.604952743790782
Eskimi,Reseller,Open Auction - Seedtag,Online Video,134.73146608339357,145.65510862555038,-10.923642542156813,-7.499663173668198
Hybe.io - RTB,Reseller,Open Auction - Seedtag,Display,3.537553213008323,14.526406945469716,-10.988853732461394,-75.64743142411027
AdPilot,Reseller,Open Auction - Seedtag,Display,15.250515894174896,26.70044368307572,-11.449927788900823,-42.88291207744405
Kayzen OpenRTB,Reseller,Open Auction - Seedtag,Online Video,35.39202801109059,47.42699533508858,-12.03496732399799,-25.375774364297524
TAPTAP,Reseller,PMP Web - O&O,Display,1.6770290797576308,16.502435208298266,-14.825406128540635,-89.8376872347038
Walmart,Direct,Open Auction - BFM,Display,95.90999999999998,113.56000000000003,-17.65000000000005,-15.542444522719306
Adtheorent,Reseller,Open Auction - Seedtag,Display,360.43469933400047,379.08646595973914,-18.651766625738674,-4.920187951980218
IQM,Reseller,Open Auction - Seedtag,Display,35.910010861451156,57.003419720960665,-21.09340885950951,-37.0037604108044
DeepIntent,Reseller,Open Auction - Seedtag,Display,579.4519808857585,600.7578332835692,-21.305852397810668,-3.5464959784808827
IQM,Reseller,Open Auction - Seedtag,Online Video,9.652526641031727,32.315184893494006,-22.66265825246228,-70.13005906404372
Pubmatic,Reseller,Open Auction - Seedtag,Native,330.5787050475192,353.39339033543365,-22.81468528791447,-6.455889077681744
Infillion,Reseller,Open Auction - Seedtag,Online Video,71.33269427984487,96.04562489262025,-24.71293061277538,-25.730407439594075
Pubmatic,Reseller,Direct External Web,Native,840.8381881982612,868.6245213258352,-27.78633312757404,-3.198888869170081
StackAdapt,Reseller,Open Auction - Seedtag,Online Video,42.813451250927756,72.79681594344947,-29.983364692521718,-41.18774194164426
OneTag,Reseller,Open Auction - Seedtag,Display,497.6365649224754,534.2098033562434,-36.57323843376798,-6.846231237987735
Conversant,Direct,Open Auction - BFM,CTV,149.47,190.44000000000003,-40.97000000000003,-21.513337534131498
PlayWire,Direct,Open Auction - BFM,CTV,318.32000000000005,360.69999999999993,-42.37999999999988,-11.749376212919293
Adipolo,Reseller,Open Auction - Seedtag,Display,31.758174859503924,75.46743760160189,-43.70926274209796,-57.91804270981394
Demandbase,Direct,Open Auction - BFM,CTV,536.4099999999999,580.24,-43.830000000000155,-7.553770853439983
Sharethrough,Reseller,Open Auction - Seedtag,Online Video,660.6297767274518,708.5176135093934,-47.88783678194159,-6.758877389758314
ClearLine,Reseller,Open Auction - Seedtag,Online Video,140.70676903333515,192.01356001503882,-51.30679098170367,-26.720399839305745
Opera,Reseller,Open Auction - Seedtag,Display,698.2721384914021,750.0763984552641,-51.80425996386202,-6.906531130768771
LoopMe,Reseller,Open Auction - Seedtag,Display,690.2321288484236,744.6629746099206,-54.43084576149704,-7.309460469685597
Viant,Direct,Open Auction - BFM,Display,347.9400000000001,406.4500000000001,-58.50999999999999,-14.395374584819775
Opera,Direct,Open Auction - Seedtag,Online Video,165.90726695756894,228.51924898534435,-62.61198202777541,-27.398996936048444
DV360,Unknown,PMP External Web,Online Video,0,69.15719707556315,-69.15719707556315,-100
DV360,BidSwitch,PMP - Curation,Online Video,0.09380008094012737,69.40127019956708,-69.30747011862695,-99.8648438556378
ThinkNear,Reseller,Open Auction - Seedtag,Online Video,96.43063307384728,165.902102906839,-69.47146983299172,-41.87497844557333
VDX,Reseller,Open Auction - Seedtag,Display,654.683359830291,724.2850343542523,-69.60167452396126,-9.609707673445957
Madopi,BidSwitch,Open Auction - Seedtag,Display,301.1403655526392,370.96898401008,-69.82861845744083,-18.82330369040864
DV360,BidSwitch,PMP - Curation,Display,19.50841647380912,89.3485366086934,-69.84012013488427,-78.16593621533248
Adtheorent,Reseller,Open Auction - Seedtag,Online Video,215.78395672354964,287.64336618143716,-71.85940945788752,-24.982119494652512
Driftpixel DSP,Reseller,Open Auction - Seedtag,Online Video,23.86517635979726,98.90185786269649,-75.03668150289923,-75.86984018750303
Kayzen OpenRTB,Reseller,Open Auction - Seedtag,Display,318.69301736276975,393.7792414953001,-75.08622413253033,-19.06810116434909
Eskimi,Reseller,Open Auction - Seedtag,Display,1029.9118132324602,1108.5411587189274,-78.62934548646717,-7.093047007594581
Madopi,Reseller,Open Auction - Seedtag,Online Video,160.4235148538155,239.12716883193752,-78.70365397812202,-32.91288662955577
Marketing Architects,Direct,DSP Marketplace - BFM,CTV,3.24,82.55,-79.31,-96.07510599636585
Go.Pl,Reseller,Open Auction - Seedtag,Display,1927.0392194349843,2019.6393078416004,-92.60008840661612,-4.584981488876761
Zeta DSP,BidSwitch,Open Auction - BFM,CTV,1165.6499999999996,1260.4,-94.75000000000045,-7.51745477626154
Yoc,Reseller,Open Auction - Seedtag,Display,235.45981085975654,330.49842683412135,-95.0386159743648,-28.75614776286518
Storygize,Reseller,Open Auction - Seedtag,Display,1492.643071321305,1594.4465336881112,-101.80346236680634,-6.384877775194189
LoopMe,Direct,Open Auction - BFM,CTV,190.06,304.14000000000004,-114.08000000000004,-37.50904188860394
Viant,Reseller,PMP Web - O&O,Online Video,851.7296409606934,969.3452606201172,-117.61561965942383,-12.133511601860192
Simpli.fi,Reseller,Open Auction - Seedtag,Online Video,3740.6225984457415,3860.62437168631,-120.00177324056858,-3.10835143974787
sky media,Direct,Open Auction - BFM,CTV,2233.85,2354.85,-121,-5.138331528547466
Infillion,Reseller,Open Auction - Seedtag,Display,119.21654740079975,241.65024771900244,-122.43370031820268,-50.66566307044384
Mediasmart,Reseller,Open Auction - Seedtag,Online Video,119.0610688878005,246.1865238409955,-127.125454953195,-51.637860988403055
Walmart,Direct,Select - BFM,CTV,297.55,425.34,-127.78999999999996,-30.044199934170305
Illumin,Reseller,Open Auction - Seedtag,Online Video,157.14253592805107,289.3946748397193,-132.25213891166823,-45.69957584220091
Adobe DSP,Reseller,Open Auction - Seedtag,Online Video,2213.9683483420376,2348.798331987826,-134.82998364578816,-5.740381445676495
TheTradeDesk,Direct,Select - BFM,CTV,9928.34,10063.39,-135.04999999999927,-1.341993105702942
Yahoo DSP,Direct,Open Auction - BFM,Display,446.76999999999987,583.2199999999998,-136.44999999999993,-23.39597407496313
Walmart,Direct,Open Auction - BFM,CTV,19.83,158.18,-138.35000000000002,-87.46364900745986
SundaySky,Reseller,Open Auction - Seedtag,Online Video,235.29242302919738,384.20937009039335,-148.91694706119597,-38.759322040001294
Xandr,Direct,Open Auction - BFM,CTV,150.12,301.65,-151.52999999999997,-50.23371456986573
Beeswax,Direct,Open Auction - Seedtag,Display,1523.9962763037038,1678.68860654749,-154.69233024378627,-9.215070004075233
Adform,Reseller,Open Auction - Seedtag,Online Video,3234.597417732093,3422.135368624531,-187.53795089243795,-5.480144140756642
Yahoo DSP,Reseller,Open Auction - Seedtag,Display,15816.846676203364,16009.650684853106,-192.80400864974217,-1.2042986598836665
Quantcast,Reseller,Open Auction - Seedtag,Display,13593.319035475366,13788.313841494484,-194.9948060191182,-1.414203420814964
DSP Not Found,Direct,Open Auction - BFM,CTV,1319.7,1525.0100000000002,-205.31000000000017,-13.462862538606315
Valassis OpenRTB,Reseller,Open Auction - Seedtag,Display,556.1273567647531,769.2901022057813,-213.16274544102816,-27.70901963119346
Appier,Reseller,Open Auction - Seedtag,Online Video,1297.4179576617898,1520.7401076224705,-223.3221499606807,-14.685096344951615
Yahoo DSP,Reseller,Open Auction - Seedtag,Native,1194.8554762996064,1425.371530417884,-230.51605411827768,-16.172348696391882
Smaato,Reseller,Open Auction - Seedtag,Display,2775.7527444935495,3015.0334860147213,-239.28074152117188,-7.936254858563901
Marketing Architects,Direct,Open Auction - BFM,CTV,19.14,263.95000000000005,-244.81000000000006,-92.74862663383217
Quantcast,Reseller,Open Auction - Seedtag,Online Video,1802.1847706436238,2048.141607182133,-245.95683653850938,-12.00878082238175
DV360,Reseller,PMP External Web,Display,211692.2647802987,211942.4383758463,-250.17359554761788,-0.11803846245459093
TheTradeDesk,Reseller,PMP External Web,Native,925.7022087022212,1189.6964517211056,-263.9942430188844,-22.19005046513925
TheTradeDesk,Direct,PMP - Curation,Display,7.152087121270597,273.6516552368412,-266.4995681155706,-97.38642650815301
Viant,Reseller,PMP Web - O&O,Display,1498.921331366524,1785.86794199422,-286.9466106276959,-16.067627615694366
Nexxen,Reseller,PMP Web - O&O,Online Video,3470.260299682617,3758.1810913085938,-287.92079162597656,-7.66117397301158
Viant,Direct,Select - BFM,CTV,1855.5900000000001,2157.9900000000002,-302.4000000000001,-14.013039912140465
Xandr,Reseller,Open Auction - Seedtag,Native,870.3394915530516,1173.1644039500898,-302.82491239703813,-25.812657746639346
LoopMe,Reseller,Open Auction - Seedtag,Online Video,1433.8382359180396,1756.8570501736103,-323.01881425557076,-18.38617514291504
RtbHouse,Direct,Open Auction - Seedtag,Native,122705.73537553487,123029.51698179069,-323.7816062558122,-0.2631739229730816
Madopi,BidSwitch,Open Auction - Seedtag,Native,593.3481264530446,923.1230878340139,-329.7749613809692,-35.72383420229934
Krush Media,Reseller,Open Auction - Seedtag,Online Video,8.31752492517262,356.1854571441654,-347.8679322189928,-97.66483309232748
Illumin,Reseller,Open Auction - Seedtag,Display,953.7905042512439,1340.0480092630387,-386.2575050117948,-28.824154234908175
Active Agent,Reseller,Open Auction - Seedtag,Online Video,629.8346915254951,1023.6514128256094,-393.8167213001143,-38.47176063705638
TheTradeDesk,Direct,Open Auction - Seedtag,Native,3416.5015329215385,3813.223400056857,-396.72186713531846,-10.403845395719621
Smaato,Reseller,Open Auction - Seedtag,Native,3.279036306716989,424.68955891190853,-421.41052260519155,-99.22789806391327
Adtheorent,Direct,Open Auction - BFM,CTV,1411.9600000000003,1838.43,-426.4699999999998,-23.197510919643378
Viant,Direct,Open Auction - Seedtag,Online Video,5379.014077665983,5811.741009715362,-432.7269320493797,-7.445736679008913
Adform,Reseller,PMP Web - O&O,Display,1450.0318756103516,1907.3089294433594,-457.2770538330078,-23.974986263314058
TheTradeDesk,Direct,Open Auction - BFM,Display,2836.1299999999883,3298.3300000000004,-462.2000000000121,-14.013152110310735
OpenX,Reseller,Open Auction - Seedtag,Display,1639.197772658863,2102.3071343961965,-463.10936173733353,-22.02862532121612
Travelaudience,Reseller,Open Auction - Seedtag,Display,790.8113882392499,1264.2073115442981,-473.3959233050482,-37.44606750666307
Blis Media,Reseller,Open Auction - Seedtag,Online Video,5061.371305751905,5562.3054617609305,-500.9341560090252,-9.005872824726854
TAPTAP,Reseller,Open Auction - Seedtag,Display,841.1018733224846,1381.6560978540074,-540.5542245315228,-39.12364483253925
Cognitiv,Reseller,Open Auction - Seedtag,Display,1286.7671047068434,1831.1764989772055,-544.4093942703621,-29.730033919419522
DV360,BidSwitch,Open Auction - BFM,CTV,3303.4899999999984,3868.959999999999,-565.4700000000007,-14.615555601505337
RtbHouse,Reseller,Open Auction - Seedtag,Native,2295.427946948841,2893.4163375053467,-597.9883905565057,-20.667208614439527
BidSwitch,Reseller,Open Auction - Seedtag,Native,4448.963926010895,5087.862154931925,-638.8982289210298,-12.557302251235582
Adobe DSP,Reseller,PMP External CTV,CTV,3131.2358359952077,3783.0674675053056,-651.8316315100978,-17.23024072684434
SmartAdServerORTB,Reseller,PMP External Web,Display,6191.719903000478,6875.3287276966685,-683.6088246961908,-9.942925666118795
Equativ Direct Demand,Reseller,Open Auction - Seedtag,Online Video,8595.227438371483,9321.834554055982,-726.6071156844991,-7.794679378517272
Conversant,Direct,Open Auction - Seedtag,Display,9346.549261807682,10093.572327732567,-747.0230659248846,-7.400977985488878
Zeta DSP,Reseller,Open Auction - Seedtag,Display,299.57989584008465,1048.6107433640282,-749.0308475239435,-71.43078137088239
Xandr,Reseller,Open Auction - Seedtag,Online Video,10656.063938826494,11461.435671698515,-805.3717328720213,-7.026796257825789
Adobe DSP,Reseller,Open Auction - Seedtag,Display,4716.580232480028,5556.594901197168,-840.01466871714,-15.117435833520254
Outbrain/Teads,Reseller,Open Auction - Seedtag,Display,7770.670400139051,8622.046255339821,-851.3758552007703,-9.874406028307893
TheTradeDesk,Direct,PMP - Curation,Online Video,398.5207827615086,1322.6062460422982,-924.0854632807896,-69.86852406345255
Lemma DSP,Direct,Open Auction - BFM,CTV,705.4699999999999,1665.6799999999996,-960.2099999999997,-57.64672686230248
Beeswax,Direct,DSP Marketplace - BFM,CTV,1567.44,2534.06,-966.6199999999999,-38.14511100763202
Viant,Reseller,Open Auction - Seedtag,Display,4537.680202942589,5545.353335916108,-1007.6731329735194,-18.17148650288934
Nexxen,Reseller,PMP External Web,Online Video,3574.4303202659858,4602.555473130889,-1028.1251528649036,-22.338137125493922
TheTradeDesk,Direct,DSP Marketplace - BFM,CTV,9128.38,10190.32,-1061.9400000000005,-10.421066266810076
RtbHouse,Reseller,Open Auction - Seedtag,Online Video,1686.6721726778442,2818.8566296883528,-1132.1844570105086,-40.16466978441826
JamLoop OpenRTB,Direct,Select - BFM,CTV,1494.3099999999997,2677.7399999999993,-1183.4299999999996,-44.19510482720503
Octillion,Direct,DSP Marketplace - BFM,CTV,2906.4499999999966,4095.1599999999994,-1188.7100000000028,-29.027193076705256
Xandr,Direct,Open Auction - Seedtag,Online Video,3642.7534329343907,4899.899881503385,-1257.146448568994,-25.65657419480328
TheTradeDesk,Direct,Open Auction - Seedtag,Online Video,52164.889041892566,53472.0708054999,-1307.181763607332,-2.4446065841775497
BidSwitch,Reseller,Open Auction - Seedtag,Online Video,3915.7072491612635,5259.821507751492,-1344.114258590229,-25.554370174147238
Amobee,Direct,Open Auction - BFM,CTV,12079.109999999999,13429.75,-1350.6400000000012,-10.057074778011513
Blockboard DSP,Reseller,Open Auction - Seedtag,Online Video,406.5392989391403,1779.0099205021834,-1372.470621563043,-77.14800270341486
Walmart,Direct,DSP Marketplace - BFM,CTV,617.81,2002.9499999999998,-1385.1399999999999,-69.154996380339
Illumin,Direct,Open Auction - Seedtag,Display,4667.134067058563,6064.989784479141,-1397.855717420578,-23.04794842355411
Sportradar,BidSwitch,Open Auction - Seedtag,Display,13431.199651429211,14832.854124627243,-1401.654473198032,-9.449661281781507
LiquidM,Reseller,Open Auction - Seedtag,Native,351.56102801300585,1797.1513708232524,-1445.5903428102465,-80.43787330769138
Smaato,Reseller,Open Auction - Seedtag,Online Video,14876.322573433867,16336.753959977763,-1460.4313865438962,-8.939544478185214
DV360,BidSwitch,Open Auction - Seedtag,Online Video,39117.92085456582,40643.32935101556,-1525.4084964497451,-3.7531583184920096
DeepIntent,Reseller,Open Auction - Seedtag,Online Video,848.8519422683748,2377.0397591012297,-1528.1878168328549,-64.28953537616343
JamLoop OpenRTB,Direct,DSP Marketplace - BFM,CTV,929.62,2467.01,-1537.3900000000003,-62.317947637018094
SmartAdServerVideo,Reseller,PMP External CTV,CTV,0.23266278388874467,1570.9618261495639,-1570.729163365675,-99.98518978755459
Pubmatic,Reseller,Open Auction - Seedtag,Display,10391.462585943897,12077.071988126649,-1685.609402182752,-13.957103210446439
StackAdapt,Reseller,Open Auction - Seedtag,Display,82.7640477034256,1792.5438900271693,-1709.7798423237437,-95.38287189709082
Yahoo DSP,Direct,DSP Marketplace - BFM,CTV,542.57,2318.75,-1776.1799999999998,-76.60075471698111
Equativ Direct Demand,Reseller,Open Auction - Seedtag,Native,1256.458945557024,3055.882260775994,-1799.42331521897,-58.88392161948132
LinkedIn,Reseller,Open Auction - Seedtag,Online Video,6390.157705426274,8236.031221580954,-1845.8735161546792,-22.412172398253162
Walmart,Direct,PMP CTV - O&O,CTV,2309.8,4191.58,-1881.7799999999997,-44.89428807275537
Bidtellect,Reseller,Open Auction - Seedtag,Display,19105.86887348187,20995.626439362342,-1889.7575658804708,-9.000720084910524
MSAN,Direct,Open Auction - Seedtag,Online Video,1579.641266063205,3497.9971708878875,-1918.3559048246825,-54.841551067857246
Pubmatic,Reseller,PMP External Web,Display,14869.682220404235,16829.62619349419,-1959.9439730899558,-11.645796231930623
Xandr,Direct,Open Auction - Seedtag,Native,4304.0129108321125,6264.03229505719,-1960.0193842250774,-31.290058733759807
Amazon DSP,Reseller,PMP External Web,Display,1823.5716125302488,3783.916802023625,-1960.3451894933764,-51.80730158879262
Adform,Reseller,Open Auction - Seedtag,Display,22953.82361743091,24950.964075885047,-1997.1404584541378,-8.004261688566823
Yahoo DSP,Direct,Open Auction - BFM,CTV,5488.429999999992,7574.04,-2085.610000000008,-27.536295028809036
TrueX,Direct,Open Auction - BFM,CTV,14865.719999999998,17108.700000000004,-2242.980000000007,-13.110172017745395
StackAdapt,Direct,DSP Marketplace - BFM,CTV,8762.309999999987,11031.719999999994,-2269.410000000007,-20.57167875906938
DeepIntent,Reseller,PMP External Web,Online Video,35438.13674278022,37767.92535572544,-2329.7886129452236,-6.168696297192926
BidSwitch,Reseller,Open Auction - Seedtag,Display,66890.60257636392,69295.38394351266,-2404.7813671487384,-3.470334141028842
Basis Technologies,Reseller,Open Auction - Seedtag,Display,9172.934317376865,11736.498942999022,-2563.564625622157,-21.842669079362526
Viant,Reseller,Open Auction - Seedtag,Online Video,3531.5695499453577,6190.064949392268,-2658.4953994469106,-42.94777875808747
Viant,Direct,Open Auction - BFM,CTV,50059.130000000274,52729.58999999996,-2670.4599999996863,-5.0644429437052105
Sharethrough,Direct,Open Auction - BFM,CTV,1295.6100000000001,4189.3,-2893.69,-69.07335354355142
Xandr,Direct,Open Auction - Seedtag,Display,14159.761581683972,17487.114007041113,-3327.3524253571413,-19.027453152174775
GroundTruth,Direct,DSP Marketplace - BFM,CTV,8296.579999999996,12473.82,-4177.240000000003,-33.48805738739218
Basis Technologies,Reseller,Open Auction - Seedtag,Online Video,6499.611324838552,10767.184931759839,-4267.573606921287,-39.634998692492736
Nexxen,Reseller,PMP External Web,Display,11444.042771695156,16392.464981419937,-4948.42220972478,-30.187175725759225
TheTradeDesk,Direct,PMP CTV - O&O,CTV,87580.43000000001,92702.09999999999,-5121.669999999984,-5.5248694474019295
TheTradeDesk,Direct,Open Auction - BFM,CTV,30987.73000000021,36397.669999999984,-5409.939999999773,-14.863423949939035
DV360,BidSwitch,Open Auction - Seedtag,Display,339018.5559714251,344593.73334444326,-5575.177373018174,-1.6178986538462181
Smadex,Reseller,Open Auction - Seedtag,Online Video,50648.465083559844,56231.824149840555,-5583.359066280711,-9.929180051855996
RtbHouse,Reseller,Open Auction - Seedtag,Display,25519.577842559083,31539.3893437359,-6019.811501176817,-19.08664570378698
Nexxen,Reseller,Open Auction - Seedtag,Online Video,8190.654794914326,14320.54929696033,-6129.894502046003,-42.80488391145116
Active Agent,Reseller,Open Auction - Seedtag,Display,7005.237202218375,13335.681356840989,-6330.4441546226135,-47.4699716139753
TheTradeDesk,Direct,Open Auction - Seedtag,Display,44967.00629123485,52930.0664443518,-7963.060153116952,-15.044493022673494
DV360,Reseller,Open Auction - Seedtag,Native,66360.45759231731,74565.30900168352,-8204.851409366209,-11.003577292465806
DV360,BidSwitch,PMP Web - O&O,Display,41188.823828471286,51304.076959513215,-10115.253131041929,-19.716275451216898
TheTradeDesk,Reseller,PMP External Web,Display,101810.21498945513,112256.85495540188,-10446.639965946757,-9.306015182856374
Nexxen,Direct,Open Auction - Seedtag,Online Video,14284.787999420805,24891.031036253444,-10606.243036832639,-42.61070190859026
PubMatic ST,Reseller,Open Auction - BFM,CTV,86619.50000000061,99513.75999999998,-12894.259999999369,-12.957263397543587
Nexxen,Direct,Open Auction - Seedtag,Display,33716.43097523099,47133.43964006647,-13417.008664835477,-28.466007928328985
Xandr,Direct,Direct Web - O&O,Display,928275.2280952898,941825.9618159756,-13550.733720685821,-1.4387725832656026
Xandr,Reseller,Open Auction - Seedtag,Display,6532.776941213378,20847.406367768097,-14314.629426554719,-68.66383843645117
DV360,Unknown,Direct External CTV,CTV,97665.86194873715,112858.98560225549,-15193.123653518342,-13.462041655294398
DSP Not Found,Reseller,Open Auction - Seedtag,Display,262879.7827427833,278463.7484316165,-15583.96568883321,-5.596407351623448
DV360,Reseller,PMP External Web,Online Video,139640.68810526613,158390.02655610483,-18749.338450838695,-11.83744889656756
DV360,Reseller,PMP Web - O&O,Display,224391.8451954113,247865.32736502122,-23473.482169609924,-9.470256457064478
DV360,Reseller,Open Auction - Seedtag,Online Video,420275.6632545707,451932.5331360698,-31656.869881499093,-7.0047778286339275
DV360,Unknown,Direct External Web,Online Video,140082.75279260127,172247.51517016685,-32164.76237756558,-18.67357119537507
DV360,Unknown,Direct External Web,Display,269988.07694025314,327610.8691868532,-57622.79224660003,-17.588791357754012
Amazon DSP,Reseller,Open Auction - Seedtag,Display,715412.9563723402,916069.2188750696,-200656.26250272943,-21.904050301912203
DV360,Reseller,PMP Web - O&O,Online Video,345390.4728269228,629259.79189714,-283869.3190702172,-45.11162523421154
DSP Not Found,Reseller,PMP Web - O&O,Online Video,0,,,
