quarter,connection_type,business_line,product_category,dsp_group_name,channel_id,rev_gross
2025-10-01,BidSwitch,Open Auction - Seedtag,Display,DV360,DBM,4006443.47
2026-04-01,BidSwitch,Open Auction - Seedtag,Display,DV360,DBM,3854726.34
2026-01-01,BidSwitch,Open Auction - Seedtag,Display,DV360,DBM,3032854.68
2025-07-01,BidSwitch,Open Auction - Seedtag,Display,DV360,DBM,2944916.43
2026-04-01,Direct,Open Auction - Seedtag,Native,MSAN,AppNexus,2415329.94
2026-04-01,Direct,Open Auction - Seedtag,Display,MSAN,AppNexus,2175277.52
2025-04-01,BidSwitch,Open Auction - Seedtag,Display,DV360,DBM,2087210.7
2025-07-01,Direct,Open Auction - Seedtag,Native,RtbHouse,RtbHouse,1964043.43
2025-10-01,Direct,Open Auction - Seedtag,Native,RtbHouse,RtbHouse,1861141.65
2026-01-01,Direct,Open Auction - Seedtag,Display,MSAN,AppNexus,1852356.77
2025-01-01,BidSwitch,Open Auction - Seedtag,Display,DV360,DBM,1821957.97
2025-04-01,Direct,Open Auction - Seedtag,Native,RtbHouse,RtbHouse,1807146.33
2026-04-01,Direct,Open Auction - Seedtag,Native,RtbHouse,RtbHouse,1634268.64
2026-01-01,Direct,Open Auction - Seedtag,Native,RtbHouse,RtbHouse,1454615.91
2025-01-01,Direct,Open Auction - Seedtag,Native,RtbHouse,RtbHouse,1358129.23
2026-01-01,Direct,Open Auction - Seedtag,Native,MSAN,AppNexus,1264723.19
2025-04-01,Direct,PMP Web - O&O,Display,TheTradeDesk,TheTradeDesk,1174392.17
2026-04-01,Direct,PMP Web - O&O,Display,TheTradeDesk,TheTradeDesk,1135810.43
2025-01-01,Direct,Open Auction - Seedtag,Native,Outbrain/Teads,Outbrain,1092322.53
2026-04-01,Direct,PMP Web - O&O,Online Video,TheTradeDesk,TheTradeDesk,1011822.26
2025-10-01,Direct,Open Auction - Seedtag,Online Video,TheTradeDesk,TheTradeDesk,982911.64
2025-07-01,Direct,Open Auction - BFM,CTV,Viant,Viant,981870.8
2025-10-01,Direct,Open Auction - Seedtag,Display,MSAN,AppNexus,945601.7
2026-07-01,BidSwitch,Open Auction - Seedtag,Display,DV360,DBM,939506.58
2025-07-01,Direct,Open Auction - Seedtag,Display,RtbHouse,RtbHouse,919029.49
2026-04-01,Direct,Open Auction - BFM,CTV,Viant,Viant,902896.11
2025-10-01,Direct,PMP Web - O&O,Online Video,TheTradeDesk,TheTradeDesk,895391.88
2026-01-01,Direct,PMP CTV - O&O,CTV,TheTradeDesk,TheTradeDesk,868803.27
2025-01-01,Direct,Open Auction - BFM,CTV,Viant,Viant,864655.72
2025-10-01,Direct,Open Auction - BFM,CTV,Viant,Viant,856593.47
2025-10-01,Direct,Open Auction - Seedtag,Display,RtbHouse,RtbHouse,849215.82
2025-01-01,Direct,PMP Web - O&O,Display,TheTradeDesk,TheTradeDesk,847071.63
2025-10-01,Direct,Open Auction - BFM,CTV,TheTradeDesk,TheTradeDesk,846886.45
2025-07-01,Direct,PMP Web - O&O,Online Video,TheTradeDesk,TheTradeDesk,836573.97
2025-10-01,Direct,PMP Web - O&O,Display,TheTradeDesk,TheTradeDesk,832957.81
2025-10-01,BidSwitch,Open Auction - Seedtag,Online Video,DV360,DBM,809349.42
2025-04-01,Direct,Open Auction - BFM,CTV,Viant,Viant,802084.63
2026-04-01,Direct,PMP CTV - O&O,CTV,TheTradeDesk,TheTradeDesk,787019.8
2025-04-01,Direct,Open Auction - Seedtag,Display,RtbHouse,RtbHouse,777378.59
2025-04-01,Direct,Open Auction - Seedtag,Native,Outbrain/Teads,Outbrain,774478.65
2026-04-01,Direct,Open Auction - Seedtag,Display,RtbHouse,RtbHouse,771723.74
2025-07-01,BidSwitch,Open Auction - Seedtag,Online Video,DV360,DBM,740149.95
2025-07-01,Direct,Open Auction - BFM,CTV,TheTradeDesk,TheTradeDesk,735728.85
2026-07-01,Direct,Open Auction - Seedtag,Native,MSAN,AppNexus,728340.87
2026-04-01,Direct,Open Auction - Seedtag,Online Video,TheTradeDesk,TheTradeDesk,725140.2
2026-07-01,Direct,Open Auction - Seedtag,Display,MSAN,AppNexus,715427.08
2025-07-01,Direct,Select - BFM,CTV,TheTradeDesk,TheTradeDesk,701267.66
2026-04-01,Direct,Open Auction - Seedtag,Display,TheTradeDesk,TheTradeDesk,698772.14
2026-04-01,Direct,Open Auction - BFM,CTV,StackAdapt,StackAdapt,685421.16
2025-07-01,Direct,Open Auction - Seedtag,Display,MSAN,AppNexus,666695.14
2026-01-01,Direct,Open Auction - Seedtag,Display,RtbHouse,RtbHouse,650981.59
2026-01-01,Direct,DSP Marketplace - BFM,CTV,TheTradeDesk,TheTradeDesk,646742.16
2025-07-01,Direct,Open Auction - Seedtag,Display,Xandr,AppNexus,631760.23
2025-04-01,Direct,Select - BFM,CTV,TheTradeDesk,TheTradeDesk,626905.99
2025-10-01,Direct,Open Auction - Seedtag,Display,TheTradeDesk,TheTradeDesk,613393.03
2026-01-01,Direct,Open Auction - Seedtag,Online Video,TheTradeDesk,TheTradeDesk,597928.92
2025-04-01,Direct,Open Auction - Seedtag,Online Video,TheTradeDesk,TheTradeDesk,596961.99
2026-01-01,Direct,Open Auction - BFM,CTV,Viant,Viant,591320.59
2025-10-01,Direct,Open Auction - Seedtag,Display,Xandr,AppNexus,590669.98
2025-04-01,Direct,Open Auction - BFM,CTV,TheTradeDesk,TheTradeDesk,588895.28
2026-01-01,Direct,Open Auction - BFM,CTV,TheTradeDesk,TheTradeDesk,585593.54
2026-01-01,Direct,Open Auction - Seedtag,Display,TheTradeDesk,TheTradeDesk,568062.92
2026-04-01,Direct,Open Auction - Seedtag,Display,StackAdapt,StackAdaptDSP,566150.94
2025-01-01,Direct,Open Auction - Seedtag,Display,RtbHouse,RtbHouse,552401.72
2026-04-01,Direct,Open Auction - Seedtag,Native,Outbrain/Teads,Outbrain,529419.77
2025-07-01,Direct,DSP Marketplace - BFM,CTV,TheTradeDesk,TheTradeDesk,517271.71
2025-07-01,Direct,PMP Web - O&O,Display,TheTradeDesk,TheTradeDesk,504782.13
2025-10-01,Direct,PMP CTV - O&O,CTV,Viant,Viant,488860.66
2025-10-01,Direct,PMP CTV - O&O,CTV,TheTradeDesk,TheTradeDesk,486239.25
2026-01-01,Direct,Open Auction - BFM,CTV,StackAdapt,StackAdapt,485719.57
2025-04-01,Direct,DSP Marketplace - BFM,CTV,Basis Technologies,Basis Technologies,483807.56
2025-01-01,Direct,Open Auction - Seedtag,Display,TheTradeDesk,TheTradeDesk,483413.19
2025-07-01,Direct,Open Auction - Seedtag,Online Video,TheTradeDesk,TheTradeDesk,478205.32
2026-04-01,BidSwitch,PMP CTV - O&O,CTV,DV360,DV360,474485.77
2026-04-01,BidSwitch,Open Auction - Seedtag,Online Video,DV360,DBM,471352.1
2025-01-01,Direct,Open Auction - BFM,CTV,TheTradeDesk,TheTradeDesk,468060.4
2026-01-01,Direct,Open Auction - Seedtag,Native,Outbrain/Teads,Outbrain,464470.29
2025-01-01,Direct,DSP Marketplace - BFM,CTV,Basis Technologies,Basis Technologies,454498.99
2025-04-01,Direct,Open Auction - Seedtag,Display,TheTradeDesk,TheTradeDesk,445976.62
2026-01-01,BidSwitch,PMP CTV - O&O,CTV,DV360,DV360,438425.13
2025-10-01,BidSwitch,PMP CTV - O&O,CTV,DV360,DV360,436651.39
2025-01-01,BidSwitch,Open Auction - Seedtag,Online Video,DV360,DBM,434203.31
2026-01-01,Direct,PMP Web - O&O,Display,TheTradeDesk,TheTradeDesk,432659.89
2025-04-01,Direct,PMP Web - O&O,Online Video,TheTradeDesk,TheTradeDesk,431115.31
2025-04-01,BidSwitch,Open Auction - Seedtag,Display,DV360,GDN,430007.62
2025-04-01,Direct,PMP CTV - O&O,CTV,TheTradeDesk,TheTradeDesk,423222.71
2025-10-01,Direct,Open Auction - BFM,CTV,StackAdapt,StackAdapt,417392.17
2025-04-01,Direct,DSP Marketplace - BFM,CTV,Viant,Viant,414726.78
2026-07-01,Direct,Open Auction - Seedtag,Native,RtbHouse,RtbHouse,409212.86
2026-01-01,BidSwitch,Open Auction - Seedtag,Online Video,DV360,DBM,407624.97
2025-10-01,BidSwitch,Open Auction - Seedtag,Display,DV360,GDN,406620.52
2025-07-01,BidSwitch,Open Auction - Seedtag,Display,DV360,GDN,400936.31
2025-04-01,Direct,Select - BFM,CTV,Yahoo DSP,Yahoo DSP,391175.75
2026-04-01,Direct,Open Auction - Seedtag,Native,StackAdapt,StackAdaptDSP,390889.15
2026-01-01,Direct,PMP Web - O&O,Online Video,TheTradeDesk,TheTradeDesk,386330.57
2026-04-01,Direct,Open Auction - BFM,CTV,TheTradeDesk,TheTradeDesk,382477.77
2025-07-01,Direct,Open Auction - Seedtag,Display,TheTradeDesk,TheTradeDesk,382358.74
2026-07-01,BidSwitch,PMP Web - O&O,Online Video,DV360,DBM,380514.32
2025-01-01,Direct,DSP Marketplace - BFM,CTV,Viant,Viant,377784.6
2025-07-01,Direct,Select - BFM,CTV,Yahoo DSP,Yahoo DSP,377720.95
2025-04-01,BidSwitch,Open Auction - Seedtag,Online Video,DV360,DBM,375216.1
2026-04-01,Direct,Open Auction - BFM,CTV,Beeswax,Beeswax,375213.38
2025-01-01,Direct,DSP Marketplace - BFM,CTV,JamLoop OpenRTB,JamLoop OpenRTB,371539.15
2025-01-01,Direct,Open Auction - Seedtag,Display,Outbrain/Teads,Outbrain,371290.14
2026-01-01,BidSwitch,Open Auction - Seedtag,Display,DV360,GDN,370124.48
2025-07-01,Direct,Open Auction - BFM,CTV,Conversant,Epsilon (Conversant),361204.15
2025-07-01,Direct,PMP CTV - O&O,CTV,TheTradeDesk,TheTradeDesk,356726.78
2025-07-01,Direct,DSP Marketplace - BFM,CTV,Basis Technologies,Basis Technologies,351489.69
2025-10-01,Direct,Open Auction - Seedtag,Native,MSAN,AppNexus,351026.83
2025-04-01,Direct,Open Auction - Seedtag,Display,Outbrain/Teads,Outbrain,349513.34
2025-01-01,Direct,PMP CTV - O&O,CTV,TheTradeDesk,TheTradeDesk,348825.95
2026-07-01,BidSwitch,PMP Web - O&O,Display,DV360,DBM,347889.72
2025-10-01,Direct,DSP Marketplace - BFM,CTV,Viant,Viant,339629.22
2026-04-01,Direct,Open Auction - Seedtag,Display,Outbrain/Teads,Outbrain,332688.15
2025-04-01,Direct,DSP Marketplace - BFM,CTV,TheTradeDesk,TheTradeDesk,318833.63
2025-01-01,Direct,Select - BFM,CTV,TheTradeDesk,TheTradeDesk,316055.14
2026-01-01,Direct,DSP Marketplace - BFM,CTV,Viant,Viant,315841.69
2026-04-01,Direct,DSP Marketplace - BFM,CTV,Viant,Viant,310397.72
2025-01-01,BidSwitch,Open Auction - Seedtag,Display,Sportradar,Sportradar,307832.05
2026-07-01,Direct,PMP Web - O&O,Online Video,TheTradeDesk,TheTradeDesk,307478.9
2026-01-01,BidSwitch,Open Auction - Seedtag,Display,Sportradar,Sportradar,301173.67
2026-07-01,Direct,PMP Web - O&O,Display,TheTradeDesk,TheTradeDesk,295998.72
2025-01-01,BidSwitch,Open Auction - Seedtag,Display,DV360,GDN,291897.41
2026-07-01,Direct,PMP CTV - O&O,CTV,TheTradeDesk,TheTradeDesk,289033.85
2026-04-01,Direct,Open Auction - Seedtag,Online Video,StackAdapt,StackAdaptDSP,288799.89
2026-04-01,Direct,Open Auction - Seedtag,Display,Nexxen,Nexxen,282198.2
2025-07-01,BidSwitch,PMP CTV - O&O,CTV,DV360,DV360,277327.52
2025-10-01,Direct,Select - BFM,CTV,Yahoo DSP,Yahoo DSP,275695.52
2025-07-01,Direct,DSP Marketplace - BFM,CTV,Viant,Viant,274110.24
2025-10-01,BidSwitch,Open Auction - Seedtag,Display,NextRoll,NextRoll,272211.71
2025-04-01,Direct,Open Auction - Seedtag,Display,Xandr,AppNexus,267961.71
2025-10-01,Direct,DSP Marketplace - BFM,CTV,TheTradeDesk,TheTradeDesk,263496.76
2025-04-01,Direct,Open Auction - BFM,CTV,Conversant,Epsilon (Conversant),263186.53
2025-01-01,Direct,DSP Marketplace - BFM,CTV,TheTradeDesk,TheTradeDesk,262019.19
2025-10-01,Direct,Open Auction - Seedtag,Display,Nexxen,Nexxen,258760.13
2025-10-01,Direct,DSP Marketplace - BFM,CTV,Beeswax,Beeswax,255867.12
2025-01-01,Direct,Open Auction - Seedtag,Online Video,TheTradeDesk,TheTradeDesk,252329.25
2026-01-01,Direct,Open Auction - Seedtag,Display,Outbrain/Teads,Outbrain,252257.89
2025-04-01,BidSwitch,PMP CTV - O&O,CTV,DV360,DV360,247408.42
2026-01-01,BidSwitch,Open Auction - Seedtag,Display,NextRoll,NextRoll,245742.63
2026-04-01,Direct,DSP Marketplace - BFM,CTV,TheTradeDesk,TheTradeDesk,245665.76
2025-01-01,Direct,DSP Marketplace - BFM,CTV,MadHive,MadHive,239158.32
2025-04-01,Direct,Open Auction - BFM,CTV,Basis Technologies,Basis Technologies,238539.06
2026-07-01,BidSwitch,Open Auction - Seedtag,Online Video,DV360,DBM,236426.85
2026-07-01,Direct,Open Auction - BFM,CTV,StackAdapt,StackAdapt,236286.06
2026-01-01,Direct,Open Auction - BFM,CTV,Beeswax,Beeswax,235245.31
2025-01-01,Direct,Open Auction - BFM,CTV,Conversant,Epsilon (Conversant),234580.91
2025-10-01,Direct,DSP Marketplace - BFM,CTV,Basis Technologies,Basis Technologies,233102.64
2025-04-01,Direct,Open Auction - BFM,CTV,SimpliFi,SimpliFi,230927.48
2026-04-01,Direct,Open Auction - Seedtag,Online Video,Nexxen,Nexxen,229422.14
2026-01-01,Direct,PMP CTV - O&O,CTV,Viant,Viant,227915.44
2026-04-01,BidSwitch,Open Auction - Seedtag,Display,DV360,GDN,226145.79
2025-10-01,Direct,Open Auction - BFM,CTV,Beeswax,Beeswax,226040.69
2025-10-01,Direct,Open Auction - BFM,CTV,LoopMe,LoopMe,225723.31
2025-04-01,BidSwitch,Open Auction - Seedtag,Display,Sportradar,Sportradar,223248.04
2026-01-01,Direct,Open Auction - Seedtag,Native,Opera,Opera,222595.38
2025-01-01,Direct,Open Auction - BFM,CTV,Marketing Architects,Marketing Architects -RTB,220207.93
2025-07-01,Direct,Open Auction - BFM,CTV,StackAdapt,StackAdapt,217494.03
2026-07-01,Direct,Open Auction - Seedtag,Display,StackAdapt,StackAdaptDSP,213869.11
2026-04-01,BidSwitch,PMP Web - O&O,Online Video,DV360,DBM,211122.6
2025-04-01,Direct,Open Auction - Seedtag,Display,Nexxen,Nexxen,210822.47
2025-10-01,BidSwitch,Open Auction - Seedtag,Display,Sportradar,Sportradar,207586.32
2026-01-01,Direct,Open Auction - Seedtag,Display,Xandr,AppNexus,206091.0
2025-10-01,Direct,Open Auction - Seedtag,Native,Outbrain/Teads,Outbrain,199592.83
2026-04-01,BidSwitch,Open Auction - Seedtag,Display,Sportradar,Sportradar,198761.45
2026-01-01,Direct,Select - BFM,CTV,TheTradeDesk,TheTradeDesk,197901.6
2026-07-01,Direct,Open Auction - Seedtag,Display,RtbHouse,RtbHouse,197542.91
2025-10-01,Direct,Open Auction - Seedtag,Native,Opera,Opera,197110.01
2026-04-01,Direct,Select - BFM,CTV,TheTradeDesk,TheTradeDesk,195865.12
2025-07-01,Direct,Open Auction - Seedtag,Native,MSAN,AppNexus,195782.87
2026-04-01,BidSwitch,Open Auction - Seedtag,Display,NextRoll,NextRoll,195762.14
2025-07-01,Direct,Open Auction - BFM,CTV,Basis Technologies,Basis Technologies,191060.11
2025-07-01,Direct,Open Auction - BFM,CTV,SimpliFi,SimpliFi,190985.55
2025-10-01,Direct,Open Auction - BFM,CTV,Basis Technologies,Basis Technologies,189267.98
2025-10-01,Direct,DSP Marketplace - BFM,CTV,Octillion,Octillion,186074.81
2025-10-01,Direct,Open Auction - BFM,CTV,Conversant,Epsilon (Conversant),185175.56
2025-10-01,Direct,Select - BFM,CTV,TheTradeDesk,TheTradeDesk,183040.93
2025-04-01,BidSwitch,Open Auction - BFM,CTV,Zeta DSP,Zeta DSP,181986.45
2025-10-01,Direct,DSP Marketplace - BFM,CTV,Conversant,Epsilon (Conversant),180358.1
2025-07-01,BidSwitch,Open Auction - Seedtag,Display,Sportradar,Sportradar,178062.86
2025-01-01,BidSwitch,DSP Marketplace - BFM,CTV,Zeta DSP,Zeta DSP,176075.91
2025-01-01,Direct,DSP Marketplace - BFM,CTV,Octillion,Octillion,175316.2
2026-04-01,BidSwitch,PMP Web - O&O,Display,DV360,DBM,173038.15
2025-01-01,Direct,Open Auction - Seedtag,Native,Opera,Opera,172954.46
2026-04-01,Direct,Open Auction - Seedtag,Display,Xandr,AppNexus,172761.06
2025-04-01,Direct,Open Auction - BFM,CTV,Marketing Architects,Marketing Architects -RTB,169088.25
2026-01-01,Direct,Select - BFM,CTV,Yahoo DSP,Yahoo DSP,168682.54
2025-01-01,Direct,Open Auction - BFM,CTV,Beeswax,Beeswax,168298.01
2026-01-01,Direct,Open Auction - BFM,CTV,Amobee,Amobee,166137.93
2025-07-01,Direct,Open Auction - BFM,CTV,Beeswax,Beeswax,161297.61
2025-10-01,Direct,Open Auction - BFM,CTV,Amobee,Amobee,160900.29
2026-01-01,Direct,Open Auction - Seedtag,Display,Nexxen,Nexxen,159099.7
2025-04-01,Direct,Open Auction - Seedtag,Display,MSAN,AppNexus,158997.74
2026-04-01,Direct,Open Auction - Seedtag,Native,Opera,Opera,157595.43
2025-07-01,Direct,DSP Marketplace - BFM,CTV,MadHive,MadHive,157076.51
2025-01-01,Direct,Select - BFM,CTV,Yahoo DSP,Yahoo DSP,156592.29
2025-01-01,BidSwitch,Open Auction - BFM,CTV,Zeta DSP,Zeta DSP,156287.54
2025-01-01,Direct,Open Auction - Seedtag,Display,Nexxen,Nexxen,155705.75
2026-07-01,Direct,Open Auction - Seedtag,Online Video,TheTradeDesk,TheTradeDesk,154766.87
2026-07-01,Direct,Open Auction - Seedtag,Display,TheTradeDesk,TheTradeDesk,153273.28
2025-01-01,Direct,Open Auction - BFM,CTV,Basis Technologies,Basis Technologies,151798.73
2026-01-01,Direct,Open Auction - BFM,CTV,Marketing Architects,Marketing Architects -RTB,150945.65
2026-01-01,Direct,DSP Marketplace - BFM,CTV,StackAdapt,StackAdapt,149130.95
2025-04-01,Direct,DSP Marketplace - BFM,CTV,MadHive,MadHive,148805.64
2026-07-01,Direct,Open Auction - BFM,CTV,Viant,Viant,145465.71
2025-10-01,BidSwitch,Open Auction - BFM,CTV,DV360,DV360,142151.14
2025-10-01,Direct,DSP Marketplace - BFM,CTV,SimpliFi,SimpliFi,141050.16
2025-10-01,Direct,Open Auction - Seedtag,Online Video,Nexxen,Nexxen,140732.57
2025-04-01,Direct,DSP Marketplace - BFM,CTV,Octillion,Octillion,139489.53
2026-01-01,Direct,Open Auction - Seedtag,Online Video,Nexxen,Nexxen,139432.45
2026-04-01,Direct,DSP Marketplace - BFM,CTV,Beeswax,Beeswax,138454.62
2026-07-01,Direct,Open Auction - Seedtag,Native,StackAdapt,StackAdaptDSP,137081.53
2026-07-01,Direct,Open Auction - BFM,CTV,Pubmatic,Pubmatic,136782.87
2025-07-01,Direct,Open Auction - Seedtag,Display,Nexxen,Nexxen,136079.93
2026-04-01,Direct,DSP Marketplace - BFM,CTV,GroundTruth,GroundTruth,135827.13
2026-04-01,Direct,Open Auction - BFM,CTV,Amobee,Amobee,135177.92
2025-07-01,Direct,Open Auction - Seedtag,Native,Opera,Opera,133909.26
2025-07-01,BidSwitch,Open Auction - BFM,CTV,DV360,DV360,132389.27
2025-07-01,Direct,Open Auction - BFM,CTV,LoopMe,LoopMe,131955.98
2025-10-01,Direct,DSP Marketplace - BFM,CTV,MadHive,MadHive,131772.55
2026-01-01,Direct,DSP Marketplace - BFM,CTV,GroundTruth,GroundTruth,130326.5
2025-07-01,Direct,DSP Marketplace - BFM,CTV,Octillion,Octillion,129637.49
2025-04-01,Direct,Open Auction - BFM,CTV,StackAdapt,StackAdapt,129245.99
2026-01-01,BidSwitch,Open Auction - BFM,CTV,Zeta DSP,Zeta DSP,127223.91
2025-10-01,Direct,Open Auction - Seedtag,Native,TheTradeDesk,TheTradeDesk,126294.88
2025-10-01,Direct,DSP Marketplace - BFM,CTV,StackAdapt,StackAdapt,126259.16
2025-10-01,Direct,Open Auction - BFM,CTV,Yahoo DSP,Yahoo DSP,125539.99
2025-10-01,BidSwitch,PMP Web - O&O,Display,DV360,DBM,124472.15
2026-04-01,Direct,Select - BFM,CTV,Yahoo DSP,Yahoo DSP,124067.15
2025-07-01,Direct,Open Auction - BFM,CTV,Marketing Architects,Marketing Architects -RTB,123788.49
2025-10-01,Direct,Open Auction - BFM,CTV,Lemma DSP,Lemma DSP,123546.76
2026-04-01,Direct,Open Auction - Seedtag,Online Video,Conversant,Conversant,122037.25
2026-04-01,Direct,DSP Marketplace - BFM,CTV,StackAdapt,StackAdapt,121529.18
2026-07-01,BidSwitch,PMP CTV - O&O,CTV,DV360,DV360,120397.61
2026-01-01,Direct,DSP Marketplace - BFM,CTV,MadHive,MadHive,120337.28
2025-10-01,Direct,Open Auction - BFM,CTV,SimpliFi,SimpliFi,119492.25
2026-04-01,Direct,DSP Marketplace - BFM,CTV,Conversant,Epsilon (Conversant),119073.28
2026-07-01,Direct,Open Auction - Seedtag,Native,Outbrain/Teads,Outbrain,118787.31
2026-01-01,Direct,Open Auction - BFM,CTV,Basis Technologies,Basis Technologies,116818.34
2025-07-01,Direct,Open Auction - Seedtag,Online Video,Illumin,Illumin,112887.42
2026-04-01,Direct,PMP CTV - O&O,CTV,Viant,Viant,108264.37
2025-10-01,Direct,Open Auction - Seedtag,Native,Xandr,AppNexus,108195.74
2026-07-01,Direct,Open Auction - BFM,CTV,Beeswax,Beeswax,107452.02
2025-10-01,Direct,Open Auction - BFM,CTV,Sharethrough,Sharethrough,107263.89
2026-01-01,Direct,DSP Marketplace - BFM,CTV,Conversant,Epsilon (Conversant),107094.9
2025-07-01,BidSwitch,Open Auction - Seedtag,Display,NextRoll,NextRoll,104950.88
2025-01-01,BidSwitch,PMP Web - O&O,Display,DV360,DBM,104518.86
2025-07-01,Direct,DSP Marketplace - BFM,CTV,Beeswax,Beeswax,104356.92
2025-04-01,BidSwitch,PMP Web - O&O,Display,DV360,DBM,103224.93
2025-04-01,Direct,Open Auction - BFM,CTV,Beeswax,Beeswax,103052.06
2025-04-01,Direct,Open Auction - Seedtag,Native,Opera,Opera,101199.8
2025-01-01,Direct,DSP Marketplace - BFM,CTV,StackAdapt,StackAdapt,99373.04
2025-07-01,Direct,Open Auction - Seedtag,Native,Xandr,AppNexus,99289.61
2026-01-01,Direct,DSP Marketplace - BFM,CTV,Octillion,Octillion,98943.88
2025-10-01,Direct,Open Auction - Seedtag,Online Video,Xandr,AppNexus,98843.62
2026-01-01,Direct,DSP Marketplace - BFM,CTV,Beeswax,Beeswax,98745.99
2026-01-01,Direct,Open Auction - Seedtag,Online Video,StackAdapt,StackAdaptDSP,98458.07
2025-07-01,BidSwitch,Open Auction - BFM,CTV,Zeta DSP,Zeta DSP,98192.89
2025-04-01,Direct,Open Auction - BFM,CTV,GroundTruth,GroundTruth,97959.22
2026-04-01,Direct,DSP Marketplace - BFM,CTV,Octillion,Octillion,97840.05
2026-01-01,Direct,Open Auction - Seedtag,Display,StackAdapt,StackAdaptDSP,96992.02
2025-04-01,Direct,Open Auction - Seedtag,Online Video,RtbHouse,RtbHouse,96555.57
2026-07-01,Direct,Open Auction - Seedtag,Display,Outbrain/Teads,Outbrain,95546.99
2025-10-01,Direct,Open Auction - BFM,CTV,Marketing Architects,Marketing Architects -RTB,94812.21
2025-01-01,BidSwitch,Open Auction - BFM,CTV,DV360,DV360,93911.24
2025-10-01,Direct,PMP CTV - O&O,CTV,StackAdapt,StackAdapt,93439.91
2025-04-01,BidSwitch,DSP Marketplace - BFM,CTV,Infillion,Infillion,92637.41
2026-07-01,Direct,Open Auction - BFM,CTV,TheTradeDesk,TheTradeDesk,91751.43
2025-07-01,Direct,DSP Marketplace - BFM,CTV,StackAdapt,StackAdapt,91645.7
2025-07-01,BidSwitch,PMP Web - O&O,Display,DV360,DBM,90452.7
2025-07-01,Direct,Open Auction - BFM,CTV,Sharethrough,Sharethrough,89276.73
2025-07-01,Direct,DSP Marketplace - BFM,CTV,SimpliFi,SimpliFi,89226.73
2025-01-01,Direct,Open Auction - Seedtag,Online Video,RtbHouse,RtbHouse,88817.41
2026-07-01,Direct,Open Auction - Seedtag,Display,Nexxen,Nexxen,88099.21
2025-07-01,Direct,DSP Marketplace - BFM,CTV,GroundTruth,GroundTruth,87973.84
2025-07-01,BidSwitch,Open Auction - BFM,CTV,Amazon DSP,Amazon DSP,87874.66
2025-10-01,Direct,DSP Marketplace - BFM,CTV,GroundTruth,GroundTruth,87804.75
2025-07-01,Direct,Open Auction - BFM,CTV,Lemma DSP,Lemma DSP,87496.99
2025-04-01,BidSwitch,Open Auction - BFM,CTV,DV360,DV360,86919.93
2025-04-01,Direct,Open Auction - BFM,Display,TheTradeDesk,TheTradeDesk,85424.76
2025-07-01,Direct,Open Auction - BFM,Display,TheTradeDesk,TheTradeDesk,84227.26
2025-04-01,Direct,PMP Web - O&O,Display,Xandr,AppNexus,83631.68
2026-01-01,BidSwitch,Open Auction - Seedtag,Display,StackAdapt,StackAdapt,83441.78
2025-04-01,Direct,DSP Marketplace - BFM,CTV,GroundTruth,GroundTruth,83058.24
2025-04-01,Direct,Open Auction - BFM,Display,Basis Technologies,Basis Technologies,82798.79
2025-10-01,BidSwitch,Open Auction - Seedtag,Display,StackAdapt,StackAdapt,82754.94
2025-07-01,Direct,Open Auction - Seedtag,Online Video,Xandr,AppNexus,82146.64
2026-01-01,Direct,Open Auction - Seedtag,Native,TheTradeDesk,TheTradeDesk,81999.97
2025-04-01,Direct,Open Auction - BFM,CTV,LoopMe,LoopMe,81978.71
2025-07-01,Direct,Open Auction - BFM,CTV,Adtelligent,Adtelligent,81935.73
2026-04-01,Direct,PMP CTV - O&O,CTV,Amobee,Amobee,81740.05
2026-07-01,Direct,Open Auction - BFM,CTV,Amobee,Amobee,81062.73
2026-07-01,Direct,Open Auction - Seedtag,Online Video,StackAdapt,StackAdaptDSP,80347.33
2025-07-01,Direct,DSP Marketplace - BFM,CTV,Conversant,Epsilon (Conversant),80208.78
2025-10-01,BidSwitch,PMP Web - O&O,Online Video,DV360,DBM,78899.23
2025-04-01,Direct,Open Auction - BFM,CTV,Adtelligent,Adtelligent,78177.64
2025-04-01,BidSwitch,DSP Marketplace - BFM,CTV,Zeta DSP,Zeta DSP,76818.09
2026-01-01,Direct,Open Auction - BFM,CTV,LoopMe,LoopMe,76012.29
2025-10-01,BidSwitch,Open Auction - BFM,CTV,Amazon DSP,Amazon DSP,73851.4
2025-04-01,BidSwitch,Open Auction - BFM,CTV,Amazon DSP,Amazon DSP,73849.76
2025-01-01,Direct,Select - BFM,CTV,Viant,Viant,72998.54
2025-07-01,Direct,Select - BFM,CTV,Viant,Viant,71985.16
2025-01-01,Direct,Open Auction - BFM,Display,Basis Technologies,Basis Technologies,71884.13
2025-04-01,Direct,Open Auction - BFM,CTV,Lemma DSP,Lemma DSP,71099.24
2026-04-01,BidSwitch,Open Auction - Seedtag,Display,StackAdapt,StackAdapt,71079.79
2026-04-01,Direct,Select - BFM,CTV,Viant,Viant,71012.42
2025-04-01,Direct,Open Auction - BFM,CTV,Xandr,AppNexus,70478.17
2025-07-01,Direct,Open Auction - Seedtag,Native,TheTradeDesk,TheTradeDesk,70027.09
2025-01-01,Direct,DSP Marketplace - BFM,CTV,Beeswax,Beeswax,69926.62
2026-04-01,Direct,Open Auction - BFM,CTV,Adtelligent,Adtelligent,69325.18
2025-07-01,Direct,PMP CTV - O&O,CTV,Viant,Viant,68820.13
2025-01-01,Direct,Open Auction - BFM,CTV,StackAdapt,StackAdapt,68654.67
2025-04-01,Direct,DSP Marketplace - BFM,CTV,Beeswax,Beeswax,68606.56
2026-04-01,Direct,Open Auction - Seedtag,Display,Illumin,Illumin,68318.22
2026-01-01,BidSwitch,Open Auction - BFM,CTV,DV360,DV360,67965.84
2025-04-01,Direct,DSP Marketplace - BFM,CTV,JamLoop OpenRTB,JamLoop OpenRTB,67808.12
2026-01-01,Direct,DSP Marketplace - BFM,CTV,Basis Technologies,Basis Technologies,67121.78
2026-07-01,Direct,DSP Marketplace - BFM,CTV,TheTradeDesk,TheTradeDesk,66462.74
2026-04-01,Direct,Open Auction - Seedtag,Display,Viant,Viant,66265.88
2025-10-01,Direct,Open Auction - BFM,CTV,Xandr,AppNexus,66091.95
2025-04-01,Direct,Open Auction - Seedtag,Native,TheTradeDesk,TheTradeDesk,65916.87
2026-04-01,Direct,Open Auction - Seedtag,Display,Conversant,Conversant,65914.9
2026-04-01,Direct,Open Auction - BFM,CTV,Basis Technologies,Basis Technologies,65882.03
2025-07-01,Direct,Open Auction - Seedtag,Native,Outbrain/Teads,Outbrain,65156.11
2025-01-01,Direct,Open Auction - BFM,CTV,LoopMe,LoopMe,64752.98
2025-04-01,Direct,DSP Marketplace - BFM,CTV,StackAdapt,StackAdapt,64340.22
2025-10-01,Direct,Open Auction - Seedtag,Display,Outbrain/Teads,Outbrain,64267.11
2026-01-01,BidSwitch,DSP Marketplace - BFM,CTV,Samsung DSP,Samsung DSP,64102.38
2025-10-01,BidSwitch,Open Auction - BFM,CTV,Zeta DSP,Zeta DSP,64055.58
2025-04-01,Direct,Open Auction - BFM,CTV,Adtheorent,Adtheorent,63414.98
2026-04-01,Direct,Open Auction - Seedtag,Native,Xandr,AppNexus,63203.84
2025-10-01,Direct,Select - BFM,CTV,Viant,Viant,62178.68
2026-04-01,Direct,DSP Marketplace - BFM,CTV,MadHive,MadHive,61418.27
2025-10-01,Direct,Open Auction - Seedtag,Online Video,Illumin,Illumin,61235.0
2025-01-01,Direct,Open Auction - BFM,CTV,GroundTruth,GroundTruth,60434.22
2026-01-01,Direct,Open Auction - Seedtag,Native,Xandr,AppNexus,60174.59
2025-04-01,Direct,Open Auction - BFM,CTV,Sharethrough,Sharethrough,60046.34
2026-04-01,Direct,Open Auction - Seedtag,Native,TheTradeDesk,TheTradeDesk,59485.93
2025-07-01,Direct,Open Auction - BFM,CTV,Amobee,Amobee,59019.82
2026-01-01,Direct,Open Auction - BFM,CTV,Yahoo DSP,Yahoo DSP,58232.72
2026-04-01,BidSwitch,Open Auction - BFM,CTV,Zeta DSP,Zeta DSP,58113.02
2025-01-01,Direct,Open Auction - BFM,CTV,Lemma DSP,Lemma DSP,57446.21
2026-07-01,BidSwitch,Open Auction - Seedtag,Display,NextRoll,NextRoll,57153.89
2025-07-01,Direct,DSP Marketplace - BFM,CTV,JamLoop OpenRTB,JamLoop OpenRTB,57117.95
2026-04-01,Direct,Open Auction - BFM,CTV,Yahoo DSP,Yahoo DSP,56548.6
2025-01-01,Direct,Open Auction - BFM,CTV,Adtelligent,Adtelligent,55532.68
2025-07-01,Direct,Open Auction - BFM,CTV,4INFO,4INFO,55162.75
2025-07-01,Direct,Open Auction - BFM,Display,Basis Technologies,Basis Technologies,54801.65
2025-04-01,Direct,Select - BFM,CTV,Viant,Viant,54780.32
2025-07-01,Direct,Open Auction - Seedtag,Display,Opera,Opera,54366.48
2026-01-01,Direct,Open Auction - BFM,CTV,Sharethrough,Sharethrough,53970.88
2025-01-01,Direct,Open Auction - BFM,Display,TheTradeDesk,TheTradeDesk,53444.11
2026-07-01,Direct,DSP Marketplace - BFM,CTV,Viant,Viant,53199.07
2025-10-01,Direct,Open Auction - Seedtag,Display,Opera,Opera,52766.24
2026-01-01,Direct,DSP Marketplace - BFM,CTV,Yahoo DSP,Yahoo DSP,52560.1
2026-04-01,Direct,DSP Marketplace - BFM,CTV,Yahoo DSP,Yahoo DSP,51454.18
2025-07-01,Direct,Open Auction - Seedtag,Display,Illumin,Illumin,51375.14
2025-01-01,Direct,Open Auction - BFM,CTV,SimpliFi,SimpliFi,50957.47
2026-01-01,Direct,Open Auction - BFM,CTV,Lemma DSP,Lemma DSP,50118.38
2026-07-01,BidSwitch,Open Auction - Seedtag,Display,DV360,GDN,48638.89
2025-10-01,BidSwitch,DSP Marketplace - BFM,CTV,Infillion,Infillion,47670.8
2025-04-01,Direct,DSP Marketplace - BFM,CTV,Conversant,Epsilon (Conversant),47402.36
2026-04-01,Direct,Open Auction - Seedtag,Online Video,Viant,Viant,47361.63
2026-01-01,BidSwitch,PMP Web - O&O,Display,DV360,DBM,47348.14
2025-04-01,Direct,Open Auction - Seedtag,Display,Opera,Opera,47158.29
2026-04-01,Direct,Open Auction - BFM,CTV,Sharethrough,Sharethrough,46092.79
2025-10-01,Direct,Open Auction - Seedtag,Display,Illumin,Illumin,45514.13
2025-01-01,BidSwitch,Open Auction - BFM,CTV,Infillion,Infillion,45002.91
2025-10-01,Direct,Open Auction - Seedtag,Online Video,RtbHouse,RtbHouse,44884.96
2025-10-01,Direct,Open Auction - BFM,CTV,Adtelligent,Adtelligent,43694.39
2026-04-01,BidSwitch,DSP Marketplace - BFM,CTV,Zeta DSP,Zeta DSP,43602.11
2026-01-01,Direct,Open Auction - Seedtag,Native,StackAdapt,StackAdaptDSP,43467.08
2025-01-01,Direct,Open Auction - BFM,CTV,Yahoo DSP,Yahoo DSP,43302.9
2026-01-01,Direct,Open Auction - BFM,CTV,Xandr,AppNexus,42381.13
2025-07-01,BidSwitch,DSP Marketplace - BFM,CTV,Zeta DSP,Zeta DSP,42253.17
2025-07-01,Direct,Open Auction - BFM,CTV,Xandr,AppNexus,41404.62
2026-04-01,Direct,DSP Marketplace - BFM,CTV,Basis Technologies,Basis Technologies,41230.53
2025-01-01,Direct,Open Auction - BFM,CTV,Xandr,AppNexus,41205.01
2026-01-01,Direct,Select - BFM,CTV,Viant,Viant,41013.28
2026-04-01,BidSwitch,Open Auction - BFM,CTV,DV360,DV360,40952.42
2025-10-01,Direct,Open Auction - BFM,CTV,SmartyAds,SmartyAds,40648.81
2025-01-01,Direct,Open Auction - Seedtag,Native,TheTradeDesk,TheTradeDesk,40560.68
2026-04-01,Direct,Open Auction - BFM,Display,TheTradeDesk,TheTradeDesk,40415.98
2025-04-01,Direct,Open Auction - Seedtag,Online Video,Nexxen,Nexxen,40371.6
2025-07-01,Direct,Open Auction - Seedtag,Online Video,RtbHouse,RtbHouse,40111.13
2025-01-01,Direct,Open Auction - BFM,Display,Viant,Viant,39805.26
2025-04-01,Direct,Open Auction - BFM,CTV,Amobee,Amobee,39721.78
2026-07-01,BidSwitch,Open Auction - Seedtag,Display,Sportradar,Sportradar,39653.55
2025-04-01,Direct,Open Auction - BFM,CTV,SmartyAds,SmartyAds,39429.04
2025-10-01,Direct,Open Auction - BFM,Display,TheTradeDesk,TheTradeDesk,39128.87
2025-07-01,Direct,Select - BFM,CTV,Walmart,Walmart,39003.18
2026-01-01,Direct,DSP Marketplace - BFM,CTV,JamLoop OpenRTB,JamLoop OpenRTB,38842.85
2026-07-01,Direct,Select - BFM,CTV,Yahoo DSP,Yahoo DSP,38530.54
2026-04-01,Direct,Open Auction - Seedtag,Native,Nexxen,Nexxen,38423.66
2026-01-01,Direct,Open Auction - Seedtag,Display,Viant,Viant,38161.11
2025-04-01,Direct,PMP CTV - O&O,CTV,Viant,Viant,38063.91
2025-07-01,Direct,Open Auction - BFM,CTV,Walmart,Walmart,37664.21
2026-01-01,Direct,Open Auction - Seedtag,Display,Opera,Opera,37018.2
2026-04-01,BidSwitch,DSP Marketplace - BFM,CTV,Samsung DSP,Samsung DSP,36627.58
2026-01-01,Direct,Open Auction - BFM,CTV,Adtelligent,Adtelligent,36279.1
2026-04-01,Direct,Open Auction - Seedtag,Online Video,Xandr,AppNexus,35886.46
2026-04-01,Direct,Open Auction - Seedtag,Display,Opera,Opera,34525.21
2025-07-01,BidSwitch,PMP Web - O&O,Online Video,DV360,DBM,34416.11
2025-04-01,Direct,Select - BFM,CTV,Walmart,Walmart,34154.06
2025-01-01,Direct,Open Auction - BFM,Display,Adtheorent,Adtheorent,34116.47
2026-01-01,Direct,Open Auction - Seedtag,Online Video,Xandr,AppNexus,33834.1
2025-07-01,Direct,Open Auction - BFM,CTV,GroundTruth,GroundTruth,33631.86
2025-04-01,Direct,Open Auction - BFM,Display,SimpliFi,SimpliFi,33575.18
2025-01-01,Direct,Open Auction - BFM,CTV,Adtheorent,Adtheorent,33434.5
2026-07-01,Direct,DSP Marketplace - BFM,CTV,Conversant,Epsilon (Conversant),33329.84
2025-01-01,Direct,DSP Marketplace - BFM,CTV,Yahoo DSP,Yahoo DSP,33300.98
2026-07-01,Direct,Open Auction - Seedtag,Online Video,Nexxen,Nexxen,33285.05
2025-04-01,Direct,Open Auction - Seedtag,Online Video,Xandr,AppNexus,33141.01
2025-04-01,Direct,Open Auction - BFM,CTV,MadHive,MadHive,32994.54
2025-01-01,Direct,DSP Marketplace - BFM,CTV,BidSwitch,Bidswitch,32866.94
2025-10-01,Direct,Open Auction - BFM,CTV,GroundTruth,GroundTruth,32772.46
2025-07-01,Direct,Open Auction - BFM,CTV,Adtheorent,Adtheorent,32579.8
2025-01-01,Direct,Open Auction - BFM,CTV,MadHive,MadHive,32014.77
2026-01-01,Direct,Open Auction - Seedtag,Native,Nexxen,Nexxen,31956.34
2026-07-01,Direct,PMP CTV - O&O,CTV,Viant,Viant,31815.1
2025-07-01,Direct,Open Auction - BFM,CTV,SmartyAds,SmartyAds,31254.04
2025-04-01,Direct,PMP CTV - O&O,CTV,StackAdapt,StackAdapt,31017.33
2025-10-01,Direct,PMP Web - O&O,Display,RtbHouse,RtbHouse,30613.0
2025-07-01,Direct,Open Auction - Seedtag,Display,Outbrain/Teads,Outbrain,30503.89
2026-07-01,Direct,DSP Marketplace - BFM,CTV,StackAdapt,StackAdapt,30400.06
2025-01-01,Direct,Open Auction - BFM,CTV,SundaySky,SundaySky,30300.59
2026-01-01,Direct,Open Auction - BFM,Display,TheTradeDesk,TheTradeDesk,29978.2
2025-07-01,BidSwitch,PMP CTV - O&O,CTV,IPONWEB BidCore,IPONWEB BidCore,29602.01
2025-07-01,Direct,Open Auction - Seedtag,Online Video,Nexxen,Nexxen,29381.87
2025-01-01,Direct,Open Auction - Seedtag,Display,Opera,Opera,29372.29
2025-01-01,Direct,Open Auction - Seedtag,Online Video,Nexxen,Nexxen,29305.7
2026-07-01,Direct,Open Auction - Seedtag,Native,Opera,Opera,28554.59
2025-01-01,Direct,Open Auction - Seedtag,Display,Beeswax,Beeswax,28248.15
2026-01-01,BidSwitch,DSP Marketplace - BFM,CTV,Zeta DSP,Zeta DSP,28099.39
2025-04-01,Direct,Open Auction - BFM,Display,Viant,Viant,28073.59
2025-10-01,Direct,DSP Marketplace - BFM,CTV,JamLoop OpenRTB,JamLoop OpenRTB,27688.89
2025-07-01,Direct,Open Auction - BFM,CTV,SundaySky,SundaySky,27635.17
2025-04-01,Direct,Open Auction - Seedtag,Native,Xandr,AppNexus,27632.13
2025-07-01,Direct,Open Auction - Seedtag,Display,Beeswax,Beeswax,27602.81
2026-07-01,Direct,Select - BFM,CTV,TheTradeDesk,TheTradeDesk,26610.71
2025-04-01,Direct,Open Auction - BFM,CTV,Walmart,Walmart,26529.1
2026-04-01,Direct,Open Auction - BFM,CTV,Xandr,AppNexus,26382.13
2025-07-01,Direct,Open Auction - BFM,Display,SimpliFi,SimpliFi,26128.44
2026-07-01,Direct,Open Auction - Seedtag,Display,Xandr,AppNexus,25723.23
2026-04-01,Direct,Open Auction - Seedtag,Online Video,RtbHouse,RtbHouse,25616.83
2026-07-01,Direct,Open Auction - BFM,CTV,Yahoo DSP,Yahoo DSP,25554.31
2025-01-01,Direct,Open Auction - BFM,CTV,Amobee,Amobee,25179.7
2025-01-01,BidSwitch,DSP Marketplace - BFM,CTV,Infillion,Infillion,25072.93
2025-04-01,Direct,Open Auction - BFM,CTV,Yahoo DSP,Yahoo DSP,24382.68
2025-04-01,Direct,Open Auction - BFM,CTV,SundaySky,SundaySky,23825.23
2026-04-01,Direct,Select - BFM,CTV,JamLoop OpenRTB,JamLoop OpenRTB,23708.7
2025-10-01,Direct,Open Auction - BFM,CTV,Adtheorent,Adtheorent,23632.39
2026-04-01,Direct,Open Auction - BFM,CTV,Lemma DSP,Lemma DSP,23589.62
2025-04-01,BidSwitch,Select - BFM,Display,DV360,DV360,23344.2
2026-01-01,BidSwitch,Open Auction - BFM,CTV,Amazon DSP,Amazon DSP,23297.68
2025-10-01,Direct,DSP Marketplace - BFM,CTV,Yahoo DSP,Yahoo DSP,22944.09
2025-10-01,Direct,DSP Marketplace - BFM,CTV,DeepIntent,DeepIntent,22791.65
2025-01-01,Direct,Open Auction - BFM,CTV,Sharethrough,Sharethrough,22776.14
2025-01-01,Direct,Open Auction - BFM,Display,SimpliFi,SimpliFi,22570.96
2025-07-01,Direct,Open Auction - BFM,CTV,Yahoo DSP,Yahoo DSP,22362.95
2025-04-01,Direct,Open Auction - BFM,CTV,Seedtag,Seedtag,22302.58
2025-10-01,Direct,PMP CTV - O&O,CTV,Amobee,Amobee,22251.21
2025-10-01,Direct,Select - BFM,CTV,Walmart,Walmart,22033.77
2025-01-01,Direct,Select - BFM,CTV,Walmart,Walmart,21695.59
2025-01-01,Direct,Select - BFM,Display,TheTradeDesk,TheTradeDesk,21534.76
2026-07-01,Direct,Open Auction - Seedtag,Display,Conversant,Conversant,21474.6
2026-04-01,Direct,Open Auction - BFM,CTV,Adtheorent,Adtheorent,21297.95
2025-07-01,Direct,PMP Web - O&O,Display,Xandr,AppNexus,21190.6
2026-01-01,Direct,PMP Web - O&O,Display,RtbHouse,RtbHouse,21019.75
2026-04-01,Direct,DSP Marketplace - BFM,CTV,JamLoop OpenRTB,JamLoop OpenRTB,20970.74
2026-07-01,Direct,Open Auction - BFM,CTV,Basis Technologies,Basis Technologies,20902.4
2025-07-01,Direct,Select - BFM,CTV,StackAdapt,StackAdapt,20775.38
2026-07-01,Direct,DSP Marketplace - BFM,CTV,Octillion,Octillion,20453.29
2025-10-01,Direct,DSP Marketplace - BFM,CTV,Stirista,Stirista,19707.4
2025-04-01,Direct,Open Auction - Seedtag,Display,Beeswax,Beeswax,19563.95
2025-10-01,BidSwitch,DSP Marketplace - BFM,CTV,Zeta DSP,Zeta DSP,19304.08
2026-01-01,Direct,Open Auction - BFM,CTV,Adtheorent,Adtheorent,19097.08
2026-04-01,Direct,Open Auction - BFM,CTV,Pubmatic,Pubmatic,18766.15
2026-07-01,Direct,Open Auction - BFM,CTV,Adtelligent,Adtelligent,18690.8
2025-01-01,Direct,PMP External Web,Display,Xandr,AppNexus,18556.89
2025-01-01,Direct,Open Auction - BFM,CTV,Seedtag,Seedtag,18547.95
2025-01-01,Direct,DSP Marketplace - BFM,CTV,SimpliFi,SimpliFi,18294.55
2025-07-01,BidSwitch,PMP CTV - O&O,CTV,Amazon DSP,Amazon DSP,18114.95
2026-01-01,Direct,Open Auction - Seedtag,Online Video,Viant,Viant,17984.76
2026-01-01,Direct,Open Auction - Seedtag,Online Video,RtbHouse,RtbHouse,17679.29
2025-04-01,Direct,Open Auction - Seedtag,Display,Illumin,Illumin,17599.37
2026-07-01,Direct,Open Auction - Seedtag,Online Video,Conversant,Conversant,17547.24
2026-07-01,Direct,DSP Marketplace - BFM,CTV,GroundTruth,GroundTruth,17313.13
2025-04-01,Direct,Select - BFM,CTV,StackAdapt,StackAdapt,17298.69
2025-04-01,Direct,Select - BFM,Display,TheTradeDesk,TheTradeDesk,17200.54
2025-01-01,Direct,Select - BFM,CTV,StackAdapt,StackAdapt,17141.05
2026-07-01,BidSwitch,Open Auction - BFM,CTV,DV360,DV360,17107.2
2026-01-01,Direct,DSP Marketplace - BFM,CTV,DeepIntent,DeepIntent,16951.75
2025-10-01,Direct,Open Auction - BFM,Display,Basis Technologies,Basis Technologies,16687.21
2025-10-01,Direct,Open Auction - Seedtag,Online Video,Beeswax,Beeswax,16628.24
2025-10-01,Direct,Open Auction - Seedtag,Online Video,MSAN,AppNexus,16198.08
2025-04-01,Direct,Open Auction - Seedtag,Online Video,Beeswax,Beeswax,16175.29
2026-04-01,Direct,Open Auction - Seedtag,Online Video,MSAN,AppNexus,16070.72
2026-01-01,Direct,Open Auction - Seedtag,Display,Illumin,Illumin,15868.01
2025-01-01,Direct,Open Auction - BFM,CTV,SmartyAds,SmartyAds,15836.64
2026-01-01,Direct,Open Auction - BFM,CTV,Conversant,Epsilon (Conversant),15764.83
2025-07-01,Direct,Open Auction - BFM,CTV,MadHive,MadHive,15604.87
2025-07-01,BidSwitch,Open Auction - Seedtag,Display,StackAdapt,StackAdapt,15223.91
2025-04-01,Direct,Open Auction - BFM,Display,Adtheorent,Adtheorent,15222.54
2025-07-01,BidSwitch,Open Auction - BFM,CTV,Quantcast,Quantcast,15128.04
2026-04-01,Direct,Open Auction - Seedtag,Online Video,Outbrain/Teads,Outbrain,14821.25
2026-07-01,Direct,PMP Web - O&O,Display,Viant,Viant,14778.94
2025-10-01,Direct,Open Auction - Seedtag,Native,Nexxen,Nexxen,14636.89
2025-10-01,Direct,PMP Web - O&O,Native,RtbHouse,RtbHouse,14451.67
2025-10-01,Direct,Open Auction - BFM,CTV,SundaySky,SundaySky,14198.06
2025-01-01,BidSwitch,Select - BFM,CTV,DV360,DV360,14132.58
2025-01-01,Direct,Open Auction - Seedtag,Online Video,Beeswax,Beeswax,14085.17
2026-01-01,Direct,Select - BFM,CTV,Walmart,Walmart,14005.07
2026-07-01,Direct,Open Auction - Seedtag,Online Video,Outbrain/Teads,Outbrain,13971.74
2026-01-01,Direct,Open Auction - Seedtag,Online Video,MSAN,AppNexus,13813.73
2025-10-01,BidSwitch,PMP CTV - O&O,CTV,Amazon DSP,Amazon DSP,13144.79
2026-04-01,Direct,Open Auction - Seedtag,Online Video,Illumin,Illumin,13091.85
2026-07-01,Direct,Open Auction - Seedtag,Native,TheTradeDesk,TheTradeDesk,12944.61
2025-01-01,Direct,DSP Marketplace - BFM,CTV,GroundTruth,GroundTruth,12132.72
2025-10-01,BidSwitch,Select - BFM,CTV,DV360,DV360,12106.15
2025-01-01,BidSwitch,Open Auction - BFM,Display,DV360,DV360,12044.21
2025-10-01,BidSwitch,Open Auction - BFM,CTV,Quantcast,Quantcast,11989.06
2025-01-01,Direct,Open Auction - BFM,CTV,Demandbase,Demandbase,11980.54
2025-04-01,BidSwitch,Open Auction - BFM,CTV,Infillion,Infillion,11859.91
2025-04-01,Direct,DSP Marketplace - BFM,CTV,Stirista,Stirista,11787.0
2026-07-01,Direct,DSP Marketplace - BFM,CTV,Basis Technologies,Basis Technologies,11094.32
2025-04-01,Direct,Open Auction - BFM,Display,Walmart,Walmart,11079.12
2026-07-01,Direct,Open Auction - Seedtag,Display,Opera,Opera,10917.93
2026-04-01,Direct,PMP Web - O&O,Display,Viant,Viant,10889.0
2026-07-01,Direct,PMP CTV - O&O,CTV,Walmart,Walmart,10676.61
2026-04-01,BidSwitch,Open Auction - Seedtag,Native,Madopi,Madopi,10641.28
2026-04-01,Direct,Open Auction - Seedtag,Display,Beeswax,Beeswax,10556.43
2025-07-01,Direct,Open Auction - BFM,Display,Viant,Viant,10539.14
2025-07-01,BidSwitch,DSP Marketplace - BFM,CTV,Infillion,Infillion,10294.06
2025-01-01,BidSwitch,PMP CTV - O&O,CTV,IPONWEB BidCore,IPONWEB BidCore,10194.56
2025-07-01,Direct,Open Auction - Seedtag,Online Video,MSAN,AppNexus,9779.76
2025-04-01,Direct,DSP Marketplace - BFM,CTV,Yahoo DSP,Yahoo DSP,9646.14
2026-07-01,Direct,Open Auction - Seedtag,Online Video,Viant,Viant,9627.85
2025-07-01,Direct,DSP Marketplace - BFM,CTV,Stirista,Stirista,9567.95
2025-01-01,Direct,Open Auction - BFM,CTV,Storygize,Storygize,9560.32
2026-07-01,Direct,Open Auction - Seedtag,Display,Illumin,Illumin,9459.18
2025-01-01,Direct,Select - BFM,CTV,Beeswax,Beeswax,9383.09
2026-07-01,Direct,DSP Marketplace - BFM,CTV,MadHive,MadHive,9339.31
2026-04-01,BidSwitch,Open Auction - Seedtag,Display,Madopi,Madopi,9173.19
2025-07-01,Direct,Open Auction - Seedtag,Online Video,Beeswax,Beeswax,8940.45
2025-04-01,Direct,DSP Marketplace - BFM,CTV,SimpliFi,SimpliFi,8913.43
2026-04-01,BidSwitch,Open Auction - Seedtag,Online Video,Amazon DSP,AmazonBidswitch,8869.71
2025-04-01,BidSwitch,Open Auction - BFM,Display,DV360,DV360,8693.01
2025-01-01,BidSwitch,Select - BFM,Display,DV360,DV360,8677.65
2025-10-01,BidSwitch,Open Auction - BFM,CTV,Infillion,Infillion,8655.06
2025-07-01,Direct,Open Auction - BFM,Display,Walmart,Walmart,8644.37
2025-04-01,Direct,Open Auction - Seedtag,Online Video,Illumin,Illumin,8602.9
2026-04-01,Direct,Open Auction - BFM,CTV,Conversant,Epsilon (Conversant),8388.02
2025-07-01,Direct,PMP Web - O&O,Display,RtbHouse,RtbHouse,8007.92
2026-07-01,Direct,Open Auction - Seedtag,Native,Xandr,AppNexus,7967.19
2025-10-01,Direct,Open Auction - BFM,Display,Viant,Viant,7889.59
2026-07-01,Direct,Open Auction - Seedtag,Online Video,RtbHouse,RtbHouse,7876.75
2026-04-01,Direct,Open Auction - BFM,CTV,Marketing Architects,Marketing Architects -RTB,7857.1
2025-07-01,BidSwitch,Select - BFM,CTV,DV360,DV360,7777.86
2026-01-01,BidSwitch,Open Auction - Seedtag,Online Video,Sportradar,Sportradar,7746.18
2025-04-01,Direct,Open Auction - Seedtag,Online Video,Opera,Opera,7721.73
2026-07-01,Direct,Open Auction - BFM,CTV,Adtheorent,Adtheorent,7711.81
2025-10-01,Direct,Open Auction - Seedtag,Display,Beeswax,Beeswax,7701.87
2026-01-01,Direct,Open Auction - BFM,CTV,Walmart,Walmart,7588.35
2026-04-01,Direct,Open Auction - BFM,CTV,LoopMe,LoopMe,7570.95
2025-07-01,BidSwitch,Select - BFM,Display,DV360,DV360,7444.7
2025-07-01,Direct,Open Auction - BFM,Display,Adtheorent,Adtheorent,7338.16
2025-04-01,Direct,PMP External Web,Display,Xandr,AppNexus,7293.35
2026-07-01,Direct,Open Auction - BFM,CTV,LoopMe,LoopMe,7291.9
2025-01-01,Direct,Open Auction - BFM,Display,Conversant,Epsilon (Conversant),7182.51
2026-07-01,Direct,Open Auction - Seedtag,Display,Viant,Viant,7132.85
2025-01-01,Direct,Open Auction - BFM,CTV,Walmart,Walmart,7114.65
2026-01-01,Direct,PMP Web - O&O,Native,RtbHouse,RtbHouse,7073.42
2026-07-01,Direct,Open Auction - Seedtag,Native,Nexxen,Nexxen,6977.79
2026-04-01,Direct,PMP CTV - O&O,CTV,Walmart,Walmart,6946.79
2026-01-01,Direct,Open Auction - Seedtag,Online Video,Beeswax,Beeswax,6922.91
2025-10-01,Direct,Open Auction - BFM,CTV,Demandbase,Demandbase,6916.53
2025-10-01,Direct,Open Auction - Seedtag,Online Video,Opera,Opera,6712.09
2025-07-01,Direct,DSP Marketplace - BFM,CTV,Xandr,AppNexus,6697.96
2026-07-01,Direct,Open Auction - BFM,Display,TheTradeDesk,TheTradeDesk,6684.41
2026-01-01,Direct,Open Auction - Seedtag,Online Video,Illumin,Illumin,6345.15
2026-01-01,Direct,Select - BFM,CTV,JamLoop OpenRTB,JamLoop OpenRTB,6332.75
2025-04-01,Direct,PMP CTV - O&O,CTV,Xandr,AppNexus,6302.86
2025-04-01,Direct,PMP External Web,Online Video,Xandr,AppNexus,6301.69
2026-01-01,Direct,Open Auction - BFM,Display,Basis Technologies,Basis Technologies,6274.75
2025-04-01,Direct,PMP CTV - O&O,CTV,Amobee,Amobee,6146.99
2026-01-01,Direct,Open Auction - BFM,CTV,Octillion,Octillion,6141.13
2026-01-01,Direct,Open Auction - Seedtag,Display,Beeswax,Beeswax,6110.53
2025-07-01,Direct,DSP Marketplace - BFM,CTV,Yahoo DSP,Yahoo DSP,6084.62
2026-01-01,BidSwitch,Open Auction - BFM,CTV,Quantcast,Quantcast,6016.61
2026-01-01,Direct,DSP Marketplace - BFM,CTV,Stirista,Stirista,6007.03
2026-07-01,Direct,Open Auction - BFM,CTV,Xandr,AppNexus,5978.68
2025-04-01,BidSwitch,Select - BFM,CTV,DV360,DV360,5974.76
2026-01-01,Direct,PMP CTV - O&O,CTV,Amobee,Amobee,5969.4
2025-10-01,BidSwitch,Open Auction - Seedtag,Online Video,Sportradar,Sportradar,5906.79
2025-04-01,Direct,Open Auction - Seedtag,Online Video,MSAN,AppNexus,5858.26
2025-04-01,BidSwitch,PMP CTV - O&O,CTV,Amazon DSP,Amazon DSP,5802.6
2026-04-01,Direct,Open Auction - Seedtag,Online Video,Beeswax,Beeswax,5791.07
2026-04-01,Direct,DSP Marketplace - BFM,CTV,DeepIntent,DeepIntent,5736.29
2026-07-01,Direct,Open Auction - Seedtag,Online Video,Illumin,Illumin,5697.38
2025-10-01,BidSwitch,PMP CTV - O&O,CTV,IPONWEB BidCore,IPONWEB BidCore,5605.07
2026-01-01,Direct,Open Auction - BFM,Display,Viant,Viant,5604.76
2026-04-01,Direct,Open Auction - BFM,CTV,SmartyAds,SmartyAds,5495.94
2025-01-01,Direct,PMP CTV - O&O,CTV,StackAdapt,StackAdapt,5411.77
2025-01-01,Direct,PMP CTV - O&O,CTV,Xandr,AppNexus,5393.6
2025-07-01,Direct,PMP Web - O&O,Native,RtbHouse,RtbHouse,5370.97
2026-07-01,Direct,Open Auction - BFM,CTV,Sharethrough,Sharethrough,5282.35
2026-01-01,BidSwitch,PMP Web - O&O,Online Video,DV360,DBM,5253.46
2026-04-01,Direct,DSP Marketplace - BFM,CTV,Walmart,Walmart,5074.41
2025-01-01,Direct,Open Auction - Seedtag,Online Video,Opera,Opera,5053.54
2026-07-01,Direct,DSP Marketplace - BFM,CTV,Beeswax,Beeswax,5030.92
2025-04-01,Direct,Open Auction - BFM,Display,SmartyAds,SmartyAds,4983.79
2026-07-01,Direct,DSP Marketplace - BFM,CTV,Walmart,Walmart,4930.88
2026-04-01,BidSwitch,Select - BFM,CTV,DV360,DV360,4883.45
2026-04-01,Direct,Open Auction - BFM,Display,Viant,Viant,4854.34
2025-07-01,BidSwitch,Open Auction - BFM,CTV,Infillion,Infillion,4816.86
2026-04-01,BidSwitch,Open Auction - Seedtag,Online Video,Sportradar,Sportradar,4802.08
2026-04-01,BidSwitch,Open Auction - BFM,CTV,OnSpot Data,OnSpot Data,4793.57
2025-07-01,Direct,PMP External Web,Online Video,Xandr,AppNexus,4785.27
2025-07-01,Direct,Open Auction - BFM,Display,Conversant,Epsilon (Conversant),4697.38
2025-01-01,Direct,Select - BFM,CTV,SundaySky,SundaySky,4681.28
2025-04-01,Direct,Open Auction - BFM,CTV,535Media,535Media,4651.16
2025-01-01,Direct,DSP Marketplace - BFM,CTV,Conversant,Epsilon (Conversant),4570.4
2025-10-01,BidSwitch,Open Auction - Seedtag,Online Video,StackAdapt,StackAdapt,4502.29
2025-04-01,Direct,PMP Web - O&O,Display,RtbHouse,RtbHouse,4498.13
2025-07-01,Direct,PMP CTV - O&O,CTV,StackAdapt,StackAdapt,4474.67
2026-07-01,Direct,Open Auction - BFM,CTV,DBM,DBM,4331.88
2025-10-01,Direct,Select - BFM,CTV,JamLoop OpenRTB,JamLoop OpenRTB,4327.67
2026-04-01,Direct,Open Auction - BFM,Display,Yahoo DSP,Yahoo DSP,4315.4
2025-07-01,BidSwitch,Open Auction - BFM,Display,DV360,DV360,4274.08
2026-07-01,Direct,Open Auction - Seedtag,Display,Beeswax,Beeswax,4261.22
2025-04-01,Direct,Open Auction - BFM,Display,Conversant,Epsilon (Conversant),4058.18
2026-01-01,Direct,Select - BFM,CTV,Basis Technologies,Basis Technologies,4029.76
2025-10-01,Direct,Open Auction - BFM,CTV,Octillion,Octillion,4029.29
2025-07-01,Direct,Select - BFM,CTV,JamLoop OpenRTB,JamLoop OpenRTB,3970.77
2025-07-01,Direct,Open Auction - BFM,Display,SmartyAds,SmartyAds,3956.66
2025-01-01,Direct,Open Auction - BFM,Display,Amobee,Amobee,3933.28
2026-04-01,Direct,Open Auction - BFM,CTV,Demandbase,Demandbase,3857.77
2026-01-01,BidSwitch,Open Auction - Seedtag,Online Video,StackAdapt,StackAdapt,3834.77
2025-07-01,Direct,Open Auction - Seedtag,Native,Nexxen,Nexxen,3822.0
2025-07-01,Direct,Open Auction - Seedtag,Online Video,Opera,Opera,3778.1
2026-07-01,Direct,PMP CTV - O&O,CTV,Amobee,Amobee,3706.11
2026-07-01,Direct,Open Auction - Seedtag,Online Video,Xandr,AppNexus,3667.61
2026-07-01,Direct,Select - BFM,CTV,JamLoop OpenRTB,JamLoop OpenRTB,3636.0
2025-01-01,Direct,DSP Marketplace - BFM,CTV,DeepIntent,DeepIntent,3625.31
2025-07-01,Direct,Open Auction - BFM,CTV,Krush Media,Krush Media,3586.6
2025-01-01,Direct,Open Auction - BFM,Display,SmartyAds,SmartyAds,3507.22
2026-04-01,Direct,Open Auction - BFM,CTV,Octillion,Octillion,3501.23
2026-04-01,Direct,PMP - Curation,Online Video,TheTradeDesk,TheTradeDesk,3492.27
2025-07-01,Direct,DSP Marketplace - BFM,CTV,DeepIntent,DeepIntent,3491.79
2025-01-01,BidSwitch,Open Auction - BFM,CTV,OnSpot Data,OnSpot Data,3483.79
2025-07-01,BidSwitch,Open Auction - Seedtag,Online Video,StackAdapt,StackAdapt,3385.81
2025-07-01,BidSwitch,Open Auction - BFM,CTV,IPONWEB BidCore,IPONWEB BidCore,3301.1
2026-04-01,Direct,Open Auction - BFM,CTV,GroundTruth,GroundTruth,3288.01
2026-07-01,Direct,PMP - Curation,Online Video,TheTradeDesk,TheTradeDesk,3287.03
2025-01-01,BidSwitch,Open Auction - BFM,CTV,Amazon DSP,Amazon DSP,3272.66
2025-01-01,Direct,DSP Marketplace - BFM,CTV,Adtelligent,Adtelligent,3263.84
2026-04-01,Direct,DSP Marketplace - BFM,CTV,LoopMe,LoopMe,3094.63
2026-07-01,BidSwitch,Open Auction - BFM,CTV,Zeta DSP,Zeta DSP,3031.75
2025-10-01,Direct,PMP CTV - O&O,CTV,Basis Technologies,Basis Technologies,3010.32
2026-01-01,Direct,DSP Marketplace - BFM,CTV,Walmart,Walmart,3010.21
2026-04-01,Direct,Open Auction - BFM,Display,Basis Technologies,Basis Technologies,2970.19
2025-10-01,Direct,Open Auction - BFM,Display,Walmart,Walmart,2946.51
2026-07-01,Direct,DSP Marketplace - BFM,CTV,JamLoop OpenRTB,JamLoop OpenRTB,2908.02
2025-01-01,Direct,Select - BFM,CTV,BidSwitch,Bidswitch,2901.62
2026-04-01,BidSwitch,Open Auction - Seedtag,Display,AdMixerBidswitch,AdMixerBidswitch,2892.92
2026-07-01,Direct,Open Auction - Seedtag,Online Video,MSAN,AppNexus,2780.81
2026-07-01,Direct,PMP Web - O&O,Display,StackAdapt,StackAdaptDSP,2761.65
2025-01-01,Direct,Open Auction - BFM,CTV,535Media,535Media,2740.25
2025-01-01,Direct,DSP Marketplace - BFM,CTV,Walmart,Walmart,2731.65
2026-01-01,BidSwitch,Select - BFM,CTV,DV360,DV360,2724.36
2026-01-01,Direct,DSP Marketplace - BFM,CTV,Marketing Architects,Marketing Architects -RTB,2707.57
2025-04-01,Direct,DSP Marketplace - BFM,CTV,DeepIntent,DeepIntent,2677.42
2025-04-01,BidSwitch,Open Auction - BFM,CTV,OnSpot Data,OnSpot Data,2638.03
2025-10-01,Direct,Open Auction - BFM,CTV,Krush Media,Krush Media,2611.17
2026-01-01,Direct,Open Auction - BFM,CTV,GroundTruth,GroundTruth,2610.12
2025-01-01,Direct,Open Auction - BFM,CTV,Krush Media,Krush Media,2574.01
2026-04-01,Direct,Select - BFM,CTV,Walmart,Walmart,2570.81
2025-10-01,Direct,Select - BFM,CTV,Basis Technologies,Basis Technologies,2555.49
2025-04-01,Direct,DSP Marketplace - BFM,CTV,Xandr,AppNexus,2553.96
2026-01-01,BidSwitch,Open Auction - Seedtag,Display,AdMixerBidswitch,AdMixerBidswitch,2520.83
2026-07-01,BidSwitch,DSP Marketplace - BFM,CTV,DV360,DV360,2436.48
2026-04-01,Direct,PMP Web - O&O,Display,StackAdapt,StackAdaptDSP,2432.39
2025-10-01,Direct,Open Auction - BFM,Display,Conversant,Epsilon (Conversant),2416.08
2026-01-01,Direct,Open Auction - BFM,CTV,Demandbase,Demandbase,2386.18
2026-04-01,Direct,Open Auction - BFM,CTV,Walmart,Walmart,2351.8
2026-07-01,BidSwitch,Open Auction - Seedtag,Native,Madopi,Madopi,2342.23
2026-01-01,Direct,DSP Marketplace - BFM,CTV,LoopMe,LoopMe,2330.09
2025-04-01,Direct,Open Auction - BFM,CTV,Krush Media,Krush Media,2315.59
2026-01-01,Direct,Open Auction - BFM,Display,Conversant,Epsilon (Conversant),2282.32
2025-01-01,Direct,PMP CTV - O&O,CTV,Amobee,Amobee,2280.1
2025-10-01,Direct,Open Auction - BFM,CTV,Walmart,Walmart,2232.31
2025-04-01,Direct,Select - BFM,CTV,Basis Technologies,Basis Technologies,2177.26
2026-04-01,Direct,Select - BFM,CTV,Basis Technologies,Basis Technologies,2165.95
2026-01-01,Direct,Open Auction - BFM,CTV,SmartyAds,SmartyAds,2147.88
2025-04-01,Direct,Open Auction - BFM,CTV,Storygize,Storygize,2129.76
2025-01-01,BidSwitch,Open Auction - Seedtag,Online Video,Sportradar,Sportradar,2110.82
2025-10-01,BidSwitch,Open Auction - BFM,CTV,IPONWEB BidCore,IPONWEB BidCore,2110.61
2025-10-01,Direct,PMP Web - O&O,Display,Xandr,AppNexus,2100.0
2026-07-01,Direct,DSP Marketplace - BFM,CTV,Yahoo DSP,Yahoo DSP,2099.03
2025-01-01,Direct,Open Auction - BFM,Display,GroundTruth,GroundTruth,2094.19
2025-04-01,Direct,Open Auction - BFM,CTV,4INFO,4INFO,2019.67
2025-07-01,Direct,Select - BFM,Display,TheTradeDesk,TheTradeDesk,2017.38
2025-10-01,BidSwitch,Open Auction - BFM,CTV,Knorex,Knorex,1982.83
2026-04-01,Direct,PMP Web - O&O,Online Video,Viant,Viant,1961.63
2025-01-01,BidSwitch,DSP Marketplace - BFM,CTV,DV360,DV360,1949.47
2026-01-01,BidSwitch,Open Auction - BFM,CTV,Infillion,Infillion,1914.77
2025-01-01,Direct,PMP Web - O&O,Display,RtbHouse,RtbHouse,1886.38
2025-10-01,Direct,DSP Marketplace - BFM,CTV,Xandr,AppNexus,1880.48
2025-10-01,Direct,Open Auction - BFM,Display,Adtheorent,Adtheorent,1828.48
2026-07-01,BidSwitch,PMP - Curation,Display,DV360,DBM,1766.89
2026-04-01,Direct,Open Auction - BFM,Display,Walmart,Walmart,1723.79
2026-04-01,Direct,DSP Marketplace - BFM,CTV,Marketing Architects,Marketing Architects -RTB,1712.75
2025-07-01,BidSwitch,PMP Web - O&O,Display,Sportradar,Sportradar,1676.03
2026-01-01,Direct,PMP Web - O&O,Online Video,Xandr,AppNexus,1658.58
2026-07-01,Direct,Open Auction - BFM,Display,Yahoo DSP,Yahoo DSP,1650.95
2025-10-01,Direct,Open Auction - BFM,Display,SimpliFi,SimpliFi,1647.29
2025-01-01,Direct,Open Auction - BFM,Display,Walmart,Walmart,1612.53
2026-01-01,Direct,Open Auction - BFM,CTV,DeepIntent,DeepIntent,1598.01
2026-04-01,Direct,PMP - Curation,Display,TheTradeDesk,TheTradeDesk,1553.42
2025-10-01,Direct,Open Auction - BFM,CTV,DeepIntent,DeepIntent,1522.6
2025-04-01,BidSwitch,PMP CTV - O&O,CTV,IPONWEB BidCore,IPONWEB BidCore,1494.44
2026-04-01,Direct,Open Auction - Seedtag,Online Video,DeepIntent,DeepIntent,1471.43
2026-01-01,Direct,Open Auction - BFM,CTV,SundaySky,SundaySky,1446.94
2025-04-01,Direct,DSP Marketplace - BFM,CTV,Walmart,Walmart,1427.47
2026-04-01,Direct,Open Auction - BFM,Display,Conversant,Epsilon (Conversant),1407.76
2025-07-01,Direct,Open Auction - BFM,CTV,Seedtag,Seedtag,1405.73
2025-04-01,Direct,DSP Marketplace - BFM,CTV,Adtelligent,Adtelligent,1395.74
2026-01-01,Direct,PMP Web - O&O,Display,StackAdapt,StackAdaptDSP,1394.9
2026-07-01,Direct,DSP Marketplace - BFM,CTV,Adtelligent,Adtelligent,1393.42
2025-04-01,Direct,Open Auction - BFM,CTV,Demandbase,Demandbase,1365.43
2025-01-01,Direct,DSP Marketplace - BFM,CTV,Stirista,Stirista,1355.19
2026-07-01,Direct,Open Auction - BFM,CTV,SmartyAds,SmartyAds,1353.69
2026-07-01,Direct,Open Auction - BFM,Display,Viant,Viant,1316.34
2025-07-01,BidSwitch,Open Auction - BFM,CTV,OnSpot Data,OnSpot Data,1314.06
2025-07-01,Direct,Open Auction - BFM,CTV,Demandbase,Demandbase,1285.82
2025-10-01,BidSwitch,Open Auction - BFM,CTV,OnSpot Data,OnSpot Data,1284.49
2026-04-01,Direct,PMP Web - O&O,Display,RtbHouse,RtbHouse,1230.2
2026-01-01,Direct,Open Auction - BFM,Display,Walmart,Walmart,1198.34
2026-01-01,BidSwitch,PMP CTV - O&O,CTV,Amazon DSP,Amazon DSP,1135.6
2026-01-01,BidSwitch,DSP Marketplace - BFM,CTV,Infillion,Infillion,1124.92
2025-04-01,Direct,Open Auction - BFM,Display,Amobee,Amobee,1124.71
2025-10-01,Direct,DSP Marketplace - BFM,CTV,SmartyAds,SmartyAds,1114.83
2025-04-01,Direct,Open Auction - Seedtag,Native,MSAN,AppNexus,1110.2
2025-01-01,Direct,DSP Marketplace - BFM,CTV,Xandr,AppNexus,1109.51
2025-07-01,BidSwitch,DSP Marketplace - BFM,CTV,DV360,DV360,1102.4
2026-04-01,Direct,Open Auction - BFM,CTV,DBM,DBM,1094.53
2025-04-01,BidSwitch,Open Auction - BFM,CTV,IPONWEB BidCore,IPONWEB BidCore,1088.6
2026-07-01,Direct,Open Auction - BFM,CTV,Walmart,Walmart,1067.49
2026-07-01,Direct,Select - BFM,CTV,Basis Technologies,Basis Technologies,1051.01
2025-07-01,Direct,PMP CTV - O&O,CTV,Xandr,AppNexus,1050.53
2026-01-01,BidSwitch,Open Auction - Seedtag,Online Video,Amazon DSP,AmazonBidswitch,1047.9
2026-01-01,BidSwitch,Select - BFM,Display,DV360,DV360,1039.86
2026-01-01,Direct,Open Auction - BFM,Display,Yahoo DSP,Yahoo DSP,1029.06
2025-07-01,Direct,Open Auction - BFM,CTV,Octillion,Octillion,1014.84
2026-04-01,BidSwitch,Open Auction - Seedtag,Online Video,Madopi,Madopi,1007.04
2026-04-01,Direct,Open Auction - Seedtag,Online Video,Opera,Opera,998.05
2025-07-01,Direct,Select - BFM,CTV,Basis Technologies,Basis Technologies,990.35
2025-10-01,Direct,Open Auction - BFM,CTV,4INFO,4INFO,976.84
2026-07-01,BidSwitch,Open Auction - Seedtag,Display,AdMixerBidswitch,AdMixerBidswitch,971.53
2025-10-01,Direct,PMP Web - O&O,Native,TheTradeDesk,TheTradeDesk,965.42
2025-04-01,Direct,Open Auction - BFM,CTV,Octillion,Octillion,862.48
2025-01-01,Direct,Select - BFM,CTV,Basis Technologies,Basis Technologies,855.3
2025-07-01,Direct,PMP CTV - O&O,CTV,Amobee,Amobee,840.95
2026-07-01,Direct,Open Auction - BFM,CTV,GroundTruth,GroundTruth,833.52
2026-04-01,BidSwitch,Open Auction - BFM,CTV,Infillion,Infillion,829.61
2025-01-01,Direct,Open Auction - BFM,CTV,Unruly,Unruly,818.89
2026-04-01,BidSwitch,Open Auction - BFM,CTV,Knorex,Knorex,813.37
2025-04-01,Direct,PMP Web - O&O,Native,RtbHouse,RtbHouse,807.76
2025-01-01,Direct,DSP Marketplace - BFM,CTV,IQM,IQM,794.32
2025-07-01,Direct,PMP Web - O&O,Native,TheTradeDesk,TheTradeDesk,790.58
2026-07-01,Direct,Open Auction - BFM,CTV,DSP Not Found,Other,785.8
2025-01-01,Direct,Open Auction - BFM,CTV,Octillion,Octillion,784.16
2026-04-01,Direct,DSP Marketplace - BFM,CTV,Stirista,Stirista,778.5
2025-04-01,BidSwitch,Open Auction - Seedtag,Online Video,Sportradar,Sportradar,759.04
2026-01-01,Direct,Open Auction - Seedtag,Online Video,Opera,Opera,680.12
2025-01-01,Direct,Select - BFM,CTV,JamLoop OpenRTB,JamLoop OpenRTB,666.74
2026-07-01,Direct,Open Auction - BFM,CTV,Demandbase,Demandbase,657.97
2025-07-01,Direct,Open Auction - BFM,CTV,535Media,535Media,644.87
2026-07-01,Direct,Open Auction - BFM,Display,Basis Technologies,Basis Technologies,636.97
2026-07-01,Direct,DSP Marketplace - BFM,CTV,Amobee,Amobee,632.33
2026-04-01,Direct,DSP Marketplace - BFM,CTV,Adtelligent,Adtelligent,618.61
2026-01-01,BidSwitch,Open Auction - BFM,CTV,Knorex,Knorex,615.69
2026-07-01,Direct,Open Auction - BFM,CTV,Marketing Architects,Marketing Architects -RTB,613.18
2026-01-01,BidSwitch,Open Auction - Seedtag,Native,Madopi,Madopi,606.0
2026-07-01,Direct,Open Auction - BFM,CTV,Conversant,Epsilon (Conversant),591.55
2025-04-01,Direct,DSP Marketplace - BFM,Display,GroundTruth,GroundTruth,591.12
2026-07-01,Direct,DSP Marketplace - BFM,CTV,DeepIntent,DeepIntent,587.1
2025-07-01,BidSwitch,Open Auction - BFM,CTV,Samsung DSP,Samsung DSP,568.45
2026-04-01,BidSwitch,Open Auction - BFM,Display,DV360,DV360,567.09
2025-10-01,Direct,Select - BFM,CTV,SundaySky,SundaySky,542.03
2026-07-01,Direct,Select - BFM,CTV,Walmart,Walmart,527.71
2026-01-01,Direct,Open Auction - BFM,Display,Adtheorent,Adtheorent,500.17
2025-10-01,BidSwitch,Open Auction - BFM,CTV,Streamworx Lda.,Streamworx Lda.,499.4
2026-07-01,Direct,Open Auction - Seedtag,Online Video,DeepIntent,DeepIntent,487.29
2026-01-01,Direct,DSP Marketplace - BFM,CTV,Amobee,Amobee,486.86
2026-01-01,BidSwitch,Open Auction - BFM,CTV,OnSpot Data,OnSpot Data,485.73
2026-04-01,Direct,Open Auction - BFM,Display,Adtheorent,Adtheorent,461.36
2025-07-01,Direct,DSP Marketplace - BFM,CTV,Walmart,Walmart,456.68
2026-07-01,BidSwitch,DSP Marketplace - BFM,CTV,Zeta DSP,Zeta DSP,449.54
2026-07-01,Direct,Open Auction - BFM,Display,Conversant,Epsilon (Conversant),437.84
2025-01-01,Direct,Open Auction - BFM,CTV,Metax,Metax,435.53
2025-01-01,Direct,Open Auction - BFM,CTV,The Media Sense,The Media Sense,430.26
2026-07-01,Direct,Select - BFM,CTV,Viant,Viant,424.63
2026-01-01,BidSwitch,Open Auction - Seedtag,Display,Madopi,Madopi,419.21
2025-04-01,BidSwitch,Open Auction - BFM,CTV,Quantcast,Quantcast,418.74
2025-10-01,Direct,Open Auction - BFM,Display,SmartyAds,SmartyAds,410.05
2026-07-01,Direct,Open Auction - BFM,CTV,Lemma DSP,Lemma DSP,404.74
2025-07-01,BidSwitch,Open Auction - Seedtag,Online Video,Sportradar,Sportradar,402.62
2025-10-01,Direct,Open Auction - BFM,CTV,Metax,Metax,401.85
2025-07-01,BidSwitch,Open Auction - BFM,CTV,Streamworx Lda.,Streamworx Lda.,401.25
2025-07-01,Direct,Open Auction - BFM,Display,Beeswax,Beeswax,393.52
2026-04-01,BidSwitch,Open Auction - Seedtag,Online Video,StackAdapt,StackAdapt,389.93
2025-07-01,Direct,Open Auction - BFM,Display,Yahoo DSP,Yahoo DSP,374.68
2026-01-01,Direct,Open Auction - BFM,CTV,Krush Media,Krush Media,373.41
2026-07-01,Direct,Open Auction - Seedtag,Online Video,Opera,Opera,369.95
2025-01-01,Direct,Open Auction - BFM,CTV,BidSwitch,Bidswitch,369.22
2025-04-01,BidSwitch,DSP Marketplace - BFM,CTV,DV360,DV360,360.51
2026-04-01,BidSwitch,Open Auction - BFM,CTV,Amazon DSP,Amazon DSP,358.53
2025-01-01,Direct,Open Auction - BFM,Display,IQM,IQM,351.72
2025-01-01,Direct,Open Auction - BFM,CTV,IQM,IQM,344.81
2026-04-01,Direct,Open Auction - BFM,CTV,Seedtag POC,Seedtag POC,341.24
2026-04-01,Direct,DSP Marketplace - BFM,CTV,Amobee,Amobee,332.62
2026-07-01,BidSwitch,Open Auction - Seedtag,Display,Madopi,Madopi,332.18
2026-07-01,Direct,Open Auction - BFM,Display,Walmart,Walmart,328.79
2025-04-01,Direct,Select - BFM,CTV,Xandr,AppNexus,328.17
2026-07-01,Direct,Open Auction - Seedtag,Online Video,Beeswax,Beeswax,317.98
2026-07-01,BidSwitch,Open Auction - BFM,CTV,Amazon DSP,Amazon DSP,314.84
2025-01-01,BidSwitch,Open Auction - BFM,CTV,Samsung DSP,Samsung DSP,314.79
2026-07-01,BidSwitch,Open Auction - Seedtag,Online Video,Sportradar,Sportradar,305.05
2025-01-01,Direct,DSP Marketplace - BFM,Display,Aceex,Aceex,300.19
2026-01-01,Direct,Open Auction - BFM,CTV,IQM,IQM,299.09
2026-07-01,BidSwitch,Open Auction - BFM,Display,DV360,DV360,297.45
2026-04-01,Direct,Open Auction - BFM,CTV,IQM,IQM,297.43
2026-04-01,BidSwitch,PMP - Curation,Display,DV360,DBM,292.41
2025-10-01,Direct,PMP External Web,Display,Xandr,AppNexus,291.02
2025-07-01,Direct,Open Auction - BFM,CTV,Storygize,Storygize,290.35
2025-04-01,Direct,PMP Web - O&O,Native,TheTradeDesk,TheTradeDesk,290.3
2025-10-01,BidSwitch,Open Auction - Seedtag,Display,AdMixerBidswitch,AdMixerBidswitch,289.04
2026-01-01,BidSwitch,Open Auction - BFM,CTV,Madopi,Madopi,284.47
2025-01-01,Direct,Select - BFM,CTV,IQM,IQM,280.83
2025-04-01,BidSwitch,Open Auction - BFM,CTV,Samsung DSP,Samsung DSP,278.53
2026-01-01,BidSwitch,Open Auction - BFM,Display,DV360,DV360,267.3
2025-01-01,Direct,PMP External Web,Online Video,Xandr,AppNexus,263.09
2026-04-01,Direct,PMP Web - O&O,Native,RtbHouse,RtbHouse,258.64
2025-10-01,Direct,Open Auction - BFM,CTV,Cepia,Cepia,258.52
2025-01-01,Direct,DSP Marketplace - BFM,CTV,Unruly,Unruly,257.05
2026-01-01,Direct,Open Auction - BFM,Display,SmartyAds,SmartyAds,256.01
2026-01-01,Direct,Select - BFM,CTV,SundaySky,SundaySky,248.46
2025-10-01,Direct,Open Auction - BFM,CTV,IQM,IQM,245.03
2026-07-01,Direct,DSP Marketplace - BFM,CTV,Marketing Architects,Marketing Architects -RTB,244.92
2025-10-01,Direct,DSP Marketplace - BFM,CTV,Walmart,Walmart,237.17
2026-07-01,BidSwitch,PMP CTV - O&O,CTV,Amazon DSP,Amazon DSP,236.33
2025-10-01,Direct,PMP Web - O&O,Online Video,RtbHouse,RtbHouse,234.0
2025-04-01,Direct,DSP Marketplace - BFM,CTV,Aceex,Aceex,233.06
2026-07-01,BidSwitch,Open Auction - BFM,CTV,Infillion,Infillion,229.72
2025-01-01,Direct,Select - BFM,CTV,SimpliFi,SimpliFi,228.66
2025-01-01,Direct,DSP Marketplace - BFM,Display,GroundTruth,GroundTruth,222.36
2025-01-01,Direct,Open Auction - BFM,CTV,DeepIntent,DeepIntent,220.64
2025-04-01,Direct,Select - BFM,CTV,Beeswax,Beeswax,211.7
2025-01-01,BidSwitch,Open Auction - BFM,CTV,Streamworx Lda.,Streamworx Lda.,210.18
2026-01-01,BidSwitch,Open Auction - BFM,CTV,IPONWEB BidCore,IPONWEB BidCore,210.16
2026-01-01,Direct,DSP Marketplace - BFM,CTV,SmartyAds,SmartyAds,209.92
2025-04-01,Direct,Open Auction - BFM,Display,GroundTruth,GroundTruth,209.91
2025-10-01,BidSwitch,Select - BFM,Display,DV360,DV360,207.61
2026-07-01,Direct,DSP Marketplace - BFM,CTV,SmartyAds,SmartyAds,206.52
2025-10-01,Direct,PMP CTV - O&O,CTV,Xandr,AppNexus,203.67
2025-07-01,Direct,Open Auction - BFM,CTV,DeepIntent,DeepIntent,203.56
2025-10-01,Direct,PMP Web - O&O,Online Video,Xandr,AppNexus,197.46
2026-04-01,Direct,Open Auction - BFM,CTV,DeepIntent,DeepIntent,192.78
2026-01-01,Direct,PMP Web - O&O,Display,Xandr,AppNexus,189.36
2025-07-01,BidSwitch,Open Auction - BFM,CTV,Knorex,Knorex,186.68
2025-04-01,BidSwitch,PMP Web - O&O,Online Video,DV360,DBM,174.33
2025-07-01,Direct,Open Auction - BFM,CTV,IQM,IQM,173.98
2025-04-01,Direct,DSP Marketplace - BFM,Display,Aceex,Aceex,169.96
2026-07-01,BidSwitch,Open Auction - BFM,CTV,OnSpot Data,OnSpot Data,169.0
2025-01-01,BidSwitch,Open Auction - BFM,CTV,Quantcast,Quantcast,168.47
2025-10-01,BidSwitch,Open Auction - BFM,Display,AdElement,AdElement,167.5
2026-04-01,BidSwitch,PMP Web - O&O,Online Video,Amazon DSP,AmazonBidswitch,167.06
2025-01-01,BidSwitch,Open Auction - BFM,Display,IPONWEB BidCore,IPONWEB BidCore,163.27
2025-10-01,Direct,Open Auction - BFM,Display,Beeswax,Beeswax,161.97
2025-07-01,BidSwitch,Open Auction - BFM,Display,AdElement,AdElement,157.23
2026-07-01,BidSwitch,Open Auction - BFM,Display,AdElement,AdElement,149.44
2026-01-01,BidSwitch,Open Auction - BFM,CTV,Samsung DSP,Samsung DSP,146.84
2026-07-01,Direct,PMP - Curation,Display,TheTradeDesk,TheTradeDesk,145.55
2025-04-01,Direct,Select - BFM,CTV,SundaySky,SundaySky,145.5
2025-07-01,BidSwitch,PMP CTV - O&O,CTV,Sportradar,Sportradar,144.16
2025-04-01,Direct,Open Auction - BFM,CTV,IQM,IQM,140.71
2025-04-01,Direct,Select - BFM,CTV,SimpliFi,SimpliFi,136.31
2025-07-01,Direct,DSP Marketplace - BFM,Display,GroundTruth,GroundTruth,134.83
2025-07-01,BidSwitch,DSP Marketplace - BFM,CTV,Samsung DSP,Samsung DSP,134.35
2025-10-01,Direct,DSP Marketplace - BFM,Display,GroundTruth,GroundTruth,132.79
2026-01-01,Direct,PMP Web - O&O,Online Video,RtbHouse,RtbHouse,128.5
2025-10-01,BidSwitch,Open Auction - BFM,Display,DV360,DV360,126.19
2025-07-01,Direct,Select - BFM,CTV,Xandr,AppNexus,125.13
2026-07-01,BidSwitch,Open Auction - BFM,CTV,Knorex,Knorex,124.92
2025-04-01,BidSwitch,Open Auction - BFM,CTV,Streamworx Lda.,Streamworx Lda.,123.79
2025-04-01,Direct,Open Auction - BFM,CTV,DeepIntent,DeepIntent,122.96
2025-04-01,BidSwitch,Open Auction - BFM,Display,Webeye,Webeye,121.11
2026-04-01,BidSwitch,DSP Marketplace - BFM,CTV,Infillion,Infillion,120.7
2025-07-01,Direct,PMP CTV - O&O,CTV,Basis Technologies,Basis Technologies,118.95
2026-07-01,Direct,Open Auction - BFM,CTV,DeepIntent,DeepIntent,118.71
2026-07-01,Direct,Open Auction - BFM,Display,Adtheorent,Adtheorent,118.6
2025-04-01,BidSwitch,DSP Marketplace - BFM,CTV,Samsung DSP,Samsung DSP,118.53
2026-04-01,Direct,Open Auction - BFM,Display,GroundTruth,GroundTruth,116.12
2025-07-01,Direct,Open Auction - BFM,CTV,Cepia,Cepia,115.47
2026-04-01,BidSwitch,Open Auction - BFM,CTV,Madopi,Madopi,114.59
2025-10-01,BidSwitch,Open Auction - BFM,CTV,Samsung DSP,Samsung DSP,114.22
2026-04-01,Direct,Open Auction - Seedtag,Display,DeepIntent,DeepIntent,113.02
2026-04-01,Direct,Open Auction - BFM,CTV,SmartClip,SmartClip,112.84
2026-01-01,BidSwitch,Open Auction - Seedtag,Online Video,Madopi,Madopi,111.29
2025-07-01,Direct,Select - BFM,CTV,SimpliFi,SimpliFi,111.13
2025-04-01,BidSwitch,Open Auction - BFM,Display,IPONWEB BidCore,IPONWEB BidCore,109.76
2026-01-01,Direct,DSP Marketplace - BFM,CTV,Xandr,AppNexus,109.28
2025-04-01,Direct,Open Auction - BFM,Display,DeepIntent,DeepIntent,107.53
2026-04-01,BidSwitch,PMP - Curation,Online Video,DV360,DBM,106.37
2025-01-01,BidSwitch,Open Auction - BFM,Display,Webeye,Webeye,106.33
2025-04-01,BidSwitch,Open Auction - BFM,Display,Infillion,Infillion,100.33
2025-04-01,Direct,Open Auction - BFM,Display,Krush Media,Krush Media,97.57
2025-07-01,Direct,Select - BFM,CTV,Stirista,Stirista,97.32
2025-01-01,BidSwitch,Open Auction - BFM,Display,Knorex,Knorex,97.21
2026-04-01,Direct,DSP Marketplace - BFM,Display,GroundTruth,GroundTruth,95.62
2026-01-01,Direct,Open Auction - BFM,CTV,Metax,Metax,91.88
2025-01-01,BidSwitch,PMP CTV - O&O,CTV,DV360,DV360,86.06
2026-01-01,Direct,Select - BFM,CTV,Beeswax,Beeswax,85.9
2025-04-01,Direct,Open Auction - BFM,CTV,Cepia,Cepia,77.74
2025-10-01,Direct,Open Auction - BFM,Display,DeepIntent,DeepIntent,77.41
2025-07-01,Direct,Open Auction - BFM,Display,DeepIntent,DeepIntent,74.29
2025-04-01,Direct,DSP Marketplace - BFM,Display,Beeswax,Beeswax,68.41
2025-01-01,Direct,Open Auction - BFM,Display,Krush Media,Krush Media,67.53
2025-04-01,Direct,DSP Marketplace - BFM,CTV,BidSwitch,Bidswitch,66.73
2025-04-01,BidSwitch,Open Auction - BFM,CTV,Knorex,Knorex,65.46
2026-07-01,Direct,Open Auction - BFM,CTV,Octillion,Octillion,65.25
2025-10-01,Direct,Open Auction - BFM,Display,GroundTruth,GroundTruth,64.53
2025-04-01,BidSwitch,Select - BFM,CTV,Sportradar,Sportradar,57.6
2026-04-01,Direct,Open Auction - BFM,Display,Krush Media,Krush Media,56.66
2026-04-01,BidSwitch,Open Auction - BFM,CTV,Samsung DSP,Samsung DSP,55.83
2026-04-01,Direct,Open Auction - BFM,CTV,StackAdaptDSP,StackAdaptDSP,55.75
2025-10-01,Direct,Select - BFM,CTV,Beeswax,Beeswax,55.49
2026-04-01,Direct,DSP Marketplace - BFM,CTV,SmartyAds,SmartyAds,55.38
2025-07-01,Direct,Open Auction - BFM,Display,GroundTruth,GroundTruth,55.32
2025-07-01,Direct,PMP External Web,Display,Xandr,AppNexus,54.52
2026-04-01,BidSwitch,Open Auction - BFM,CTV,Streamworx Lda.,Streamworx Lda.,54.32
2025-07-01,BidSwitch,Open Auction - BFM,Display,Webeye,Webeye,52.93
2025-10-01,Direct,Open Auction - BFM,Display,Yahoo DSP,Yahoo DSP,52.17
2025-01-01,BidSwitch,Open Auction - BFM,Display,Infillion,Infillion,50.57
2026-07-01,BidSwitch,Select - BFM,CTV,DV360,DV360,50.2
2026-01-01,Direct,Open Auction - Seedtag,Online Video,Conversant,Conversant,49.53
2026-04-01,Direct,Open Auction - BFM,Display,DeepIntent,DeepIntent,49.41
2025-04-01,Direct,Select - BFM,CTV,JamLoop OpenRTB,JamLoop OpenRTB,48.33
2026-01-01,BidSwitch,PMP Web - O&O,Online Video,Amazon DSP,AmazonBidswitch,44.98
2025-01-01,BidSwitch,Open Auction - BFM,Display,Streamworx Lda.,Streamworx Lda.,44.66
2025-01-01,Direct,Open Auction - BFM,Display,DeepIntent,DeepIntent,42.48
2025-04-01,Direct,Select - BFM,CTV,Stirista,Stirista,42.08
2025-07-01,Direct,DSP Marketplace - BFM,CTV,IQM,IQM,41.93
2025-01-01,Direct,DSP Marketplace - BFM,Display,Beeswax,Beeswax,40.81
2025-04-01,Direct,DSP Marketplace - BFM,CTV,IQM,IQM,40.66
2026-04-01,Direct,Open Auction - BFM,CTV,Metax,Metax,40.13
2026-07-01,Direct,Open Auction - BFM,CTV,SmartClip,SmartClip,40.11
2026-01-01,BidSwitch,Open Auction - BFM,Display,AdElement,AdElement,39.92
2026-07-01,Direct,Open Auction - BFM,CTV,IQM,IQM,36.4
2026-04-01,Direct,Open Auction - BFM,CTV,Krush Media,Krush Media,36.03
2025-07-01,Direct,Select - BFM,CTV,Adtelligent,Adtelligent,35.52
2025-04-01,Direct,Open Auction - BFM,CTV,Metax,Metax,35.14
2025-04-01,Direct,Select - BFM,CTV,IQM,IQM,35.03
2026-04-01,Direct,Open Auction - BFM,CTV,Equative,Equative,34.51
2025-07-01,BidSwitch,Open Auction - BFM,Display,Infillion,Infillion,33.09
2026-04-01,BidSwitch,DSP Marketplace - BFM,CTV,DV360,DV360,32.07
2026-01-01,Direct,Open Auction - BFM,Display,Beeswax,Beeswax,31.6
2025-04-01,BidSwitch,Open Auction - BFM,Display,Inspiritum,Inspiritum,31.11
2026-01-01,Direct,PMP External Web,Display,Xandr,AppNexus,30.15
2026-01-01,Direct,Open Auction - BFM,Display,Krush Media,Krush Media,29.96
2025-07-01,Direct,Select - BFM,CTV,Beeswax,Beeswax,29.49
2025-01-01,Direct,Open Auction - BFM,CTV,Aceex,Aceex,27.61
2025-07-01,Direct,Select - BFM,CTV,SundaySky,SundaySky,27.47
2025-04-01,Direct,Open Auction - BFM,CTV,OMG,OMG,27.43
2026-07-01,Direct,DSP Marketplace - BFM,CTV,Stirista,Stirista,27.43
2026-07-01,Direct,Open Auction - Seedtag,Display,DeepIntent,DeepIntent,26.08
2025-04-01,BidSwitch,Open Auction - BFM,Display,Knorex,Knorex,26.01
2026-01-01,Direct,Open Auction - Seedtag,Display,Conversant,Conversant,25.92
2026-04-01,BidSwitch,Open Auction - BFM,Display,AdElement,AdElement,25.35
2025-10-01,Direct,DSP Marketplace - BFM,Display,Adtheorent,Adtheorent,24.65
2026-07-01,Direct,Open Auction - BFM,Display,DeepIntent,DeepIntent,23.37
2025-04-01,Direct,PMP Web - O&O,Online Video,Xandr,AppNexus,23.16
2026-07-01,BidSwitch,DSP Marketplace - BFM,CTV,Infillion,Infillion,22.99
2025-10-01,BidSwitch,PMP CTV - O&O,CTV,Sportradar,Sportradar,22.9
2026-01-01,Direct,DSP Marketplace - BFM,Display,GroundTruth,GroundTruth,22.39
2026-04-01,Direct,DSP Marketplace - BFM,Display,Stirista,Stirista,21.8
2025-04-01,Direct,Open Auction - BFM,CTV,The Media Sense,The Media Sense,20.72
2026-07-01,Direct,PMP - Curation,Display,StackAdapt,StackAdaptDSP,20.53
2025-07-01,Direct,PMP Web - O&O,Online Video,Xandr,AppNexus,20.28
2025-07-01,Direct,PMP Web - O&O,Online Video,RtbHouse,RtbHouse,18.68
2026-01-01,BidSwitch,Open Auction - BFM,Display,Webeye,Webeye,18.65
2025-01-01,Direct,Open Auction - Seedtag,Display,DSP Not Found,NextRollPAAPI,18.43
2025-07-01,Direct,DSP Marketplace - BFM,CTV,Demandbase,Demandbase,18.03
2026-07-01,Direct,DSP Marketplace - BFM,Display,GroundTruth,GroundTruth,17.98
2025-07-01,Direct,Open Auction - BFM,CTV,BidSwitch,Bidswitch,17.92
2025-07-01,Direct,Open Auction - BFM,Display,IQM,IQM,17.57
2026-07-01,Direct,Open Auction - BFM,CTV,Equative,Equative,17.44
2025-04-01,BidSwitch,Open Auction - BFM,Display,Streamworx Lda.,Streamworx Lda.,15.64
2025-01-01,Direct,DSP Marketplace - BFM,Display,Conversant,Epsilon (Conversant),15.48
2025-04-01,Direct,DSP Marketplace - BFM,CTV,Demandbase,Demandbase,15.48
2026-04-01,Direct,Select - BFM,Display,Viant,Viant,15.18
2026-07-01,Direct,Open Auction - BFM,CTV,Metax,Metax,14.78
2025-07-01,BidSwitch,Open Auction - BFM,Display,OnSpot Data,OnSpot Data,14.66
2025-10-01,Direct,Open Auction - BFM,CTV,BidSwitch,Bidswitch,14.54
2025-07-01,Direct,Open Auction - BFM,CTV,OMG,OMG,14.51
2025-10-01,Direct,Select - BFM,Display,Viant,Viant,14.35
2026-01-01,Direct,Open Auction - BFM,Display,GroundTruth,GroundTruth,14.02
2025-10-01,Direct,Open Auction - BFM,Display,Stirista,Stirista,13.98
2025-10-01,Direct,Select - BFM,CTV,Xandr,AppNexus,13.93
2026-01-01,Direct,Open Auction - BFM,CTV,SmartClip,SmartClip,13.22
2025-07-01,BidSwitch,Open Auction - BFM,Display,Inspiritum,Inspiritum,13.01
2025-04-01,Direct,Open Auction - BFM,CTV,Stirista,Stirista,12.28
2025-10-01,BidSwitch,Open Auction - BFM,Display,Webeye,Webeye,12.11
2026-04-01,BidSwitch,Open Auction - BFM,Display,AdIngenious,AdIngenious,11.72
2026-04-01,Direct,Open Auction - BFM,Display,Beeswax,Beeswax,11.44
2025-01-01,BidSwitch,Open Auction - BFM,CTV,IPONWEB BidCore,IPONWEB BidCore,11.37
2025-10-01,Direct,Open Auction - BFM,Display,Krush Media,Krush Media,11.24
2025-01-01,Direct,Open Auction - BFM,CTV,Lowbrow Customs,Lowbrow Customs,11.22
2026-01-01,Direct,Select - BFM,Display,Viant,Viant,11.14
2025-10-01,Direct,Select - BFM,CTV,SimpliFi,SimpliFi,11.06
2026-04-01,Direct,DSP Marketplace - BFM,Display,Adtheorent,Adtheorent,10.54
2025-04-01,Direct,Open Auction - BFM,Display,IQM,IQM,10.27
2026-04-01,BidSwitch,Open Auction - BFM,Display,Webeye,Webeye,10.18
2025-04-01,BidSwitch,Open Auction - BFM,Display,Quantcast,Quantcast,10.16
2025-01-01,BidSwitch,Open Auction - BFM,Display,Quantcast,Quantcast,9.84
2026-07-01,Direct,Select - BFM,CTV,Adtelligent,Adtelligent,9.74
2025-10-01,BidSwitch,Open Auction - BFM,CTV,Madopi,Madopi,9.7
2025-10-01,Direct,Select - BFM,CTV,StackAdapt,StackAdapt,9.34
2026-01-01,Direct,DSP Marketplace - BFM,CTV,IQM,IQM,9.33
2025-07-01,BidSwitch,Open Auction - BFM,Display,Quantcast,Quantcast,9.05
2025-07-01,BidSwitch,Open Auction - BFM,Display,IPONWEB BidCore,IPONWEB BidCore,8.58
2025-01-01,Direct,Open Auction - BFM,Display,Unruly,Unruly,7.76
2025-01-01,BidSwitch,Open Auction - BFM,Display,Aroscop,Aroscop,7.6
2026-04-01,BidSwitch,Open Auction - BFM,Display,OnSpot Data,OnSpot Data,7.52
2026-01-01,Direct,PMP CTV - O&O,CTV,Xandr,AppNexus,7.36
2025-10-01,BidSwitch,DSP Marketplace - BFM,CTV,Samsung DSP,Samsung DSP,7.35
2026-04-01,Direct,Open Auction - BFM,CTV,Zeasn,Zeasn,7.33
2026-07-01,Direct,DSP Marketplace - BFM,Display,Stirista,Stirista,6.93
2026-01-01,BidSwitch,Open Auction - BFM,CTV,Streamworx Lda.,Streamworx Lda.,6.62
2025-07-01,Direct,Open Auction - BFM,Display,Krush Media,Krush Media,6.2
2026-04-01,Direct,PMP Web - O&O,Online Video,Xandr,AppNexus,5.68
2026-07-01,BidSwitch,Open Auction - BFM,CTV,Streamworx Lda.,Streamworx Lda.,5.6
2026-04-01,BidSwitch,Open Auction - BFM,Display,Infillion,Infillion,5.37
2026-01-01,BidSwitch,Open Auction - BFM,Display,OnSpot Data,OnSpot Data,5.36
2025-04-01,Direct,DSP Marketplace - BFM,Display,Conversant,Epsilon (Conversant),4.93
2026-01-01,Direct,DSP Marketplace - BFM,Display,Stirista,Stirista,4.77
2025-04-01,BidSwitch,Open Auction - BFM,Display,OnSpot Data,OnSpot Data,4.6
2026-01-01,Direct,Open Auction - BFM,Display,DeepIntent,DeepIntent,4.53
2026-07-01,Direct,Open Auction - BFM,Display,Krush Media,Krush Media,4.52
2025-01-01,Direct,Open Auction - BFM,CTV,Stirista,Stirista,4.52
2026-07-01,BidSwitch,PMP - Curation,Online Video,DV360,DBM,4.45
2025-04-01,Direct,Open Auction - BFM,Display,BidSwitch,Bidswitch,4.3
2025-10-01,BidSwitch,Open Auction - BFM,Display,Infillion,Infillion,4.2
2026-07-01,Direct,Select - BFM,Display,Viant,Viant,4.04
2026-04-01,Direct,PMP Web - O&O,Online Video,RtbHouse,RtbHouse,3.87
2026-01-01,Direct,Open Auction - BFM,Display,IQM,IQM,3.7
2025-07-01,BidSwitch,Open Auction - BFM,Display,AdIngenious,AdIngenious,3.59
2026-04-01,BidSwitch,Open Auction - BFM,Display,Zeta DSP,Zeta DSP,3.59
2026-04-01,BidSwitch,Open Auction - BFM,Display,Knorex,Knorex,3.41
2025-01-01,BidSwitch,Open Auction - BFM,Display,OnSpot Data,OnSpot Data,3.33
2026-01-01,Direct,DSP Marketplace - BFM,Display,Adtheorent,Adtheorent,3.28
2025-01-01,BidSwitch,DSP Marketplace - BFM,CTV,Samsung DSP,Samsung DSP,3.27
2026-01-01,Direct,Open Auction - BFM,Display,Stirista,Stirista,3.17
2025-10-01,BidSwitch,Open Auction - BFM,Display,OnSpot Data,OnSpot Data,3.14
2026-07-01,Direct,DSP Marketplace - BFM,Display,Adtheorent,Adtheorent,3.04
2025-07-01,BidSwitch,Open Auction - BFM,Display,Knorex,Knorex,2.92
2026-01-01,BidSwitch,Open Auction - BFM,Display,Infillion,Infillion,2.84
2025-07-01,Direct,Open Auction - BFM,Display,Stirista,Stirista,2.75
2025-10-01,Direct,Open Auction - BFM,Display,IQM,IQM,2.59
2026-04-01,Direct,Open Auction - BFM,Display,IQM,IQM,2.57
2025-01-01,Direct,Open Auction - BFM,Display,BidSwitch,Bidswitch,2.52
2026-01-01,BidSwitch,Open Auction - BFM,Display,Knorex,Knorex,2.46
2026-07-01,Direct,Open Auction - BFM,CTV,Krush Media,Krush Media,2.27
2026-04-01,Direct,Select - BFM,CTV,Beeswax,Beeswax,2.23
2026-07-01,Direct,Open Auction - BFM,CTV,Stirista,Stirista,2.18
2025-04-01,BidSwitch,Open Auction - BFM,Display,Amazon DSP,Amazon DSP,2.17
2025-04-01,BidSwitch,Open Auction - BFM,Display,Adform,Adform,1.96
2025-10-01,Direct,Select - BFM,CTV,Adtelligent,Adtelligent,1.93
2025-07-01,Direct,DSP Marketplace - BFM,Display,Conversant,Epsilon (Conversant),1.84
2025-07-01,BidSwitch,Open Auction - BFM,Display,Streamworx Lda.,Streamworx Lda.,1.78
2026-07-01,Direct,Open Auction - BFM,CTV,ZetaBidswitch,ZetaBidswitch,1.72
2026-07-01,BidSwitch,Open Auction - BFM,Display,OnSpot Data,OnSpot Data,1.64
2025-01-01,Direct,Open Auction - BFM,CTV,Media Pulse,Media Pulse,1.61
2026-04-01,Direct,Open Auction - BFM,CTV,BidSwitch,Bidswitch,1.53
2026-01-01,BidSwitch,Open Auction - BFM,Display,AdIngenious,AdIngenious,1.52
2026-07-01,BidSwitch,DSP Marketplace - BFM,CTV,Samsung DSP,Samsung DSP,1.45
2025-10-01,Direct,DSP Marketplace - BFM,CTV,IQM,IQM,1.42
2026-07-01,Direct,PMP Web - O&O,Online Video,Viant,Viant,1.4
2026-07-01,BidSwitch,Open Auction - BFM,CTV,IPONWEB BidCore,IPONWEB BidCore,1.37
2026-07-01,Direct,Open Auction - BFM,Display,GroundTruth,GroundTruth,1.31
2025-07-01,Direct,Open Auction - BFM,CTV,Stirista,Stirista,1.23
2025-04-01,Direct,Select - BFM,CTV,Adtelligent,Adtelligent,1.11
2026-04-01,Direct,Open Auction - BFM,Display,SmartyAds,SmartyAds,1.07
2026-04-01,Direct,Open Auction - BFM,Display,BidSwitch,Bidswitch,1.06
2026-07-01,BidSwitch,Open Auction - BFM,Display,Infillion,Infillion,1.06
2025-10-01,BidSwitch,Open Auction - BFM,Display,Quantcast,Quantcast,1.02
2025-04-01,BidSwitch,Open Auction - BFM,Display,AdElement,AdElement,0.98
2025-07-01,Direct,DSP Marketplace - BFM,Display,Yahoo DSP,Yahoo DSP,0.98
2026-01-01,BidSwitch,Open Auction - BFM,Display,Quantcast,Quantcast,0.94
2025-10-01,BidSwitch,Open Auction - BFM,Display,AdIngenious,AdIngenious,0.93
2026-04-01,Direct,DSP Marketplace - BFM,CTV,IQM,IQM,0.93
2025-01-01,BidSwitch,Open Auction - BFM,CTV,Knorex,Knorex,0.92
2025-01-01,Direct,Open Auction - BFM,CTV,BizzClick,BizzClick,0.9
2025-01-01,Direct,DSP Marketplace - BFM,CTV,DSP Not Found,Other,0.88
2025-04-01,Direct,Open Auction - BFM,CTV,Media Pulse,Media Pulse,0.84
2025-01-01,Direct,Select - BFM,CTV,MadHive,MadHive,0.82
2025-04-01,BidSwitch,Open Auction - BFM,CTV,Between Exchange,Between Exchange,0.77
2026-01-01,Direct,Open Auction - BFM,CTV,Zeasn,Zeasn,0.76
2025-10-01,BidSwitch,Open Auction - BFM,Display,Knorex,Knorex,0.71
2026-07-01,Direct,Open Auction - BFM,Display,Beeswax,Beeswax,0.7
2026-01-01,BidSwitch,Open Auction - BFM,Display,Streamworx Lda.,Streamworx Lda.,0.66
2025-04-01,BidSwitch,Open Auction - BFM,CTV,Webeye,Webeye,0.64
2025-04-01,BidSwitch,Open Auction - BFM,Display,Aroscop,Aroscop,0.63
2026-04-01,BidSwitch,Open Auction - BFM,CTV,IPONWEB BidCore,IPONWEB BidCore,0.61
2025-04-01,Direct,DSP Marketplace - BFM,CTV,4INFO,4INFO,0.57
2026-07-01,Direct,Open Auction - BFM,CTV,RtbHouse,RtbHouse,0.57
2026-07-01,Direct,Open Auction - BFM,CTV,Zeasn,Zeasn,0.56
2026-01-01,Direct,Open Auction - BFM,CTV,Stirista,Stirista,0.54
2025-04-01,Direct,PMP Web - O&O,Online Video,RtbHouse,RtbHouse,0.53
2025-01-01,BidSwitch,Open Auction - BFM,Display,Lift,Lift,0.53
2026-07-01,Direct,Open Auction - BFM,Display,IQM,IQM,0.51
2025-01-01,Direct,DSP Marketplace - BFM,Display,SimpliFi,SimpliFi,0.45
2025-01-01,Direct,DSP Marketplace - BFM,CTV,Aceex,Aceex,0.44
2026-04-01,Direct,Select - BFM,CTV,SmartyAds,SmartyAds,0.41
2025-07-01,BidSwitch,Select - BFM,CTV,Sportradar,Sportradar,0.39
2026-04-01,Direct,Open Auction - BFM,Display,Stirista,Stirista,0.36
2026-07-01,BidSwitch,Open Auction - BFM,Display,AdIngenious,AdIngenious,0.33
2026-04-01,BidSwitch,Open Auction - BFM,Display,Quantcast,Quantcast,0.32
2025-01-01,Direct,DSP Marketplace - BFM,CTV,SmartyAds,SmartyAds,0.31
2025-10-01,BidSwitch,Open Auction - BFM,CTV,Webeye,Webeye,0.31
2025-07-01,BidSwitch,Open Auction - BFM,CTV,Webeye,Webeye,0.3
2025-07-01,BidSwitch,Open Auction - BFM,Display,Samsung DSP,Samsung DSP,0.3
2026-04-01,BidSwitch,Open Auction - BFM,Display,Between Exchange,Between Exchange,0.29
2025-10-01,BidSwitch,Open Auction - BFM,Display,Excelate,Excelate,0.28
2026-07-01,BidSwitch,Open Auction - BFM,CTV,Samsung DSP,Samsung DSP,0.27
2025-04-01,Direct,DSP Marketplace - BFM,Display,Yahoo DSP,Yahoo DSP,0.26
2025-01-01,BidSwitch,Open Auction - BFM,Display,AdElement,AdElement,0.25
2026-07-01,BidSwitch,Open Auction - BFM,Display,Marketperf,Marketperf,0.24
2026-01-01,Direct,Open Auction - BFM,CTV,Cepia,Cepia,0.22
2025-04-01,Direct,Open Auction - BFM,CTV,BidSwitch,Bidswitch,0.21
2025-10-01,BidSwitch,Open Auction - BFM,Display,IPONWEB BidCore,IPONWEB BidCore,0.2
2025-01-01,Direct,DSP Marketplace - BFM,Display,Yahoo DSP,Yahoo DSP,0.2
2025-07-01,BidSwitch,Open Auction - BFM,CTV,Adform,Adform,0.2
2025-07-01,Direct,Open Auction - BFM,Display,BidSwitch,Bidswitch,0.19
2026-07-01,BidSwitch,Open Auction - BFM,Display,Knorex,Knorex,0.19
2026-04-01,BidSwitch,Open Auction - BFM,Display,Aroscop,Aroscop,0.19
2025-07-01,Direct,DSP Marketplace - BFM,CTV,4INFO,4INFO,0.18
2026-04-01,Direct,Open Auction - BFM,CTV,Stirista,Stirista,0.18
2025-04-01,Direct,DSP Marketplace - BFM,CTV,SmartyAds,SmartyAds,0.17
2025-07-01,BidSwitch,Open Auction - BFM,Display,Lift,Lift,0.17
2026-04-01,Direct,PMP External Web,Display,Xandr,AppNexus,0.16
2026-01-01,Direct,Open Auction - BFM,CTV,4INFO,4INFO,0.13
2026-04-01,Direct,Open Auction - BFM,CTV,ZetaBidswitch,ZetaBidswitch,0.13
2025-10-01,BidSwitch,Open Auction - BFM,CTV,Adform,Adform,0.13
2026-07-01,BidSwitch,Open Auction - BFM,Display,Zeta DSP,Zeta DSP,0.12
2025-07-01,BidSwitch,Open Auction - BFM,Display,Between Exchange,Between Exchange,0.12
2026-01-01,BidSwitch,Open Auction - BFM,CTV,Adform,Adform,0.11
2025-04-01,BidSwitch,Open Auction - BFM,CTV,Adform,Adform,0.11
2025-07-01,Direct,DSP Marketplace - BFM,Display,Beeswax,Beeswax,0.11
2026-07-01,BidSwitch,Open Auction - Seedtag,Online Video,Madopi,Madopi,0.1
2026-04-01,BidSwitch,Open Auction - BFM,Display,IPONWEB BidCore,IPONWEB BidCore,0.1
2026-04-01,Direct,Open Auction - BFM,CTV,Equativ,Equativ,0.09
2025-07-01,BidSwitch,Open Auction - BFM,Display,Amazon DSP,Amazon DSP,0.08
2025-07-01,BidSwitch,Open Auction - BFM,CTV,Between Exchange,Between Exchange,0.07
2026-01-01,BidSwitch,Open Auction - BFM,Display,Madopi,Madopi,0.07
2025-01-01,Direct,Select - BFM,CTV,Adtelligent,Adtelligent,0.07
2026-04-01,BidSwitch,Open Auction - BFM,CTV,Webeye,Webeye,0.07
2025-01-01,BidSwitch,Open Auction - BFM,Display,Amazon DSP,Amazon DSP,0.05
2026-07-01,BidSwitch,Open Auction - BFM,Display,Aroscop,Aroscop,0.05
2026-07-01,Direct,Open Auction - BFM,Display,BidSwitch,Bidswitch,0.05
2026-04-01,BidSwitch,PMP CTV - O&O,CTV,Amazon DSP,Amazon DSP,0.05
2026-07-01,BidSwitch,Open Auction - BFM,Display,IPONWEB BidCore,IPONWEB BidCore,0.05
2026-01-01,BidSwitch,Open Auction - BFM,Display,IPONWEB BidCore,IPONWEB BidCore,0.04
2025-10-01,BidSwitch,Open Auction - BFM,CTV,Between Exchange,Between Exchange,0.04
2025-01-01,BidSwitch,Open Auction - BFM,CTV,Webeye,Webeye,0.04
2026-07-01,BidSwitch,Open Auction - BFM,Display,Webeye,Webeye,0.03
2025-10-01,Direct,Open Auction - BFM,CTV,Stirista,Stirista,0.03
2026-01-01,Direct,Open Auction - BFM,Display,BidSwitch,Bidswitch,0.03
2025-01-01,BidSwitch,Open Auction - BFM,Display,Adform,Adform,0.03
2026-07-01,Direct,Open Auction - BFM,Display,Stirista,Stirista,0.03
2026-04-01,Direct,DSP Marketplace - BFM,Display,Conversant,Epsilon (Conversant),0.03
2026-04-01,BidSwitch,Open Auction - BFM,CTV,Quantcast,Quantcast,0.03
2025-10-01,BidSwitch,Open Auction - BFM,Display,Adform,Adform,0.02
2025-04-01,BidSwitch,Open Auction - BFM,Display,Lift,Lift,0.02
2025-07-01,BidSwitch,Open Auction - BFM,Display,Adform,Adform,0.02
2026-01-01,BidSwitch,Open Auction - BFM,CTV,Webeye,Webeye,0.02
2025-01-01,Direct,Select - BFM,CTV,Xandr,AppNexus,0.02
2026-01-01,BidSwitch,Open Auction - BFM,CTV,Excelate,Excelate,0.02
2025-10-01,BidSwitch,Open Auction - Seedtag,Online Video,AdMixerBidswitch,AdMixerBidswitch,0.02
2026-07-01,Direct,Open Auction - BFM,CTV,SamsungBidswitch,SamsungBidswitch,0.01
2025-10-01,BidSwitch,Open Auction - BFM,Display,Streamworx Lda.,Streamworx Lda.,0.01
2025-10-01,Direct,DSP Marketplace - BFM,Display,Conversant,Epsilon (Conversant),0.01
2026-04-01,BidSwitch,Open Auction - BFM,CTV,Between Exchange,Between Exchange,0.01
2026-07-01,BidSwitch,Open Auction - BFM,CTV,Webeye,Webeye,0.01
2025-04-01,BidSwitch,Open Auction - BFM,Display,Zeta DSP,Zeta DSP,0.01
2025-10-01,Direct,DSP Marketplace - BFM,Display,TheTradeDesk,TheTradeDesk,0.01
2025-01-01,BidSwitch,Select - BFM,CTV,Infillion,Infillion,0.01
2026-01-01,Direct,DSP Marketplace - BFM,Display,Conversant,Epsilon (Conversant),0.01
2025-07-01,BidSwitch,Open Auction - Seedtag,Native,StackAdapt,StackAdapt,0.01
2025-01-01,Direct,DSP Marketplace - BFM,CTV,4INFO,4INFO,0.0
2025-04-01,Direct,Select - BFM,CTV,Marketing Architects,Marketing Architects -RTB,0.0
