quarter,ad_name,rev_gross,rev_qtd_current,rev_qtd_prev_qtd,rev_qtd_prev_year,impressions
2026-04-01,CTV SeedTag,1091227.03,,143855.01,,0
2026-04-01,Viant - CTV - 1st Price,875147.41,,94988.01,,0
2025-07-01,Viant - CTV - 1st Price,860190.24,,,125366.97,0
2025-10-01,TTD - CTV (1st Price),772509.93,,,,0
2025-10-01,Viant - CTV - 1st Price,758029.1,,,,0
2025-01-01,Viant - CTV - 1st Price,746531.84,,,,0
2026-04-01,StackAdapt - CTV - Open Auction,705147.82,,73122.64,,0
2025-04-01,Viant - CTV - 1st Price,672783.69,,,,0
2025-07-01,TTD - CTV (1st Price),651744.45,,,91692.03,0
2026-01-01,CTV SeedTag,567728.04,,,,0
2025-04-01,TTD - CTV (1st Price),535726.6,,,,0
2026-01-01,Viant - CTV - 1st Price,535260.52,,,,0
2025-10-01,CTV SeedTag,532876.64,,,,0
2026-01-01,TTD - CTV (1st Price),522059.67,,,,0
2026-01-01,StackAdapt - CTV - Open Auction,461484.41,,,,0
2025-01-01,TTD - CTV (1st Price),424578.52,,,,0
2025-10-01,StackAdapt - CTV - Open Auction,399891.48,,,,0
2026-04-01,TTD - CTV (1st Price),353956.84,,34213.95,,0
2025-07-01,Conversant - Web - Open Auction - Seedtag,271749.31,,,11262.67,0
2025-01-01,Bidswitch - CTV - 1st Price,271620.03,,,,0
2025-04-01,Bidswitch - CTV - 1st Price,252855.92,,,,0
2025-07-01,CTV SeedTag,230896.91,,,,0
2025-10-01,LoopMe - Open Auction - CTV,222753.42,,,,0
2025-01-01,Marketing Architects - CTV 1st Price,220261.35,,,,0
2025-10-01,Bidswitch - CTV - 1st Price,213878.0,,,,0
2025-04-01,SimpliFi - CTV - 1st Price,210028.52,,,,0
2026-04-01,Beeswax - CTV - Open Auction EAST,208697.51,,,,0
2025-07-01,StackAdapt - CTV - Open Auction,204657.63,,,27880.18,0
2025-07-01,Bidswitch - CTV - 1st Price,186941.62,,,33781.12,0
2026-01-01,Beeswax - CTV - Open Auction,186138.15,,,,0
2025-04-01,Basis - CTV - oRTB - (US),178098.01,,,,0
2026-01-01,Marketing Architects - CTV 1st Price,172684.32,,,,0
2026-01-01,Amobee - CTV - 1st Price,167816.69,,,,0
2025-07-01,SimpliFi - CTV - 1st Price,165882.08,,,20815.64,0
2025-10-01,Amobee - CTV - 1st Price,163047.36,,,,0
2025-10-01,Basis - CTV - oRTB - (US),159141.87,,,,0
2026-01-01,Bidswitch - CTV - 1st Price,154303.52,,,,0
2025-07-01,Basis - CTV - oRTB - (US),152842.97,,,15281.16,0
2025-04-01,Marketing Architects - CTV 1st Price,146971.41,,,,0
2026-04-01,Amobee - CTV - 1st Price,136655.71,,11476.43,,0
2025-01-01,Beeswax - CTV - Open Auction,135753.32,,,,0
2025-10-01,Beeswax - CTV - Open Auction,129549.91,,,,0
2025-04-01,SkyUK_SkyMedia,127174.57,,,,0
2025-07-01,LoopMe - Open Auction - CTV,124385.93,,,13668.05,0
2025-07-01,Marketing Architects - CTV 1st Price,122993.49,,,20223.13,0
2025-04-01,StackAdapt - CTV - Open Auction,121755.89,,,,0
2025-10-01,Lemma DSP CTV Ad,121262.25,,,,0
2026-07-01,CTV SeedTag,117564.16,117564.16,,,0
2025-04-01,Conversant - Web - Open Auction - Seedtag,114221.27,,,,0
2025-01-01,Conversant - CTV - Open Auction,110801.25,,,,0
2025-10-01,SimpliFi - CTV - 1st Price,106143.46,,,,0
2026-04-01,Bidswitch - CTV - 1st Price,104591.04,,28967.92,,0
2025-10-01,Marketing Architects - CTV 1st Price,99771.29,,,,0
2025-10-01,Conversant - CTV - Open Auction,97742.0,,,,0
2026-04-01,Beeswax - CTV - Open Auction,95052.48,,30352.26,,0
2025-01-01,Basis - CTV - oRTB - (US),92931.4,,,,0
2026-01-01,Basis - CTV - oRTB - (US),92292.51,,,,0
2025-10-01,Bidswitch - Seedtag,90761.66,,,,0
2025-10-01,TrueX Roku AVOD,88707.2,,,,0
2026-07-01,StackAdapt - CTV - Open Auction,88320.39,88320.39,,,0
2025-07-01,Lemma DSP CTV Ad,86397.82,,,12245.79,0
2025-07-01,Bidswitch - Seedtag,86143.64,,,11743.5,0
2025-01-01,Conversant Pluto CTV (204778),86014.75,,,,0
2025-10-01,Conversant - Web - Open Auction - Seedtag,83347.5,,,,0
2025-04-01,Conversant - CTV - Open Auction,82031.64,,,,0
2025-04-01,LoopMe - Open Auction - CTV,81801.35,,,,0
2025-07-01,TTD - APP [Display],80707.01,,,14514.58,0
2025-04-01,TTD - APP [Display],79713.91,,,,0
2025-07-01,Adtelligent - CTV - A+E Networks $15,76900.84,,,12110.7,0
2025-04-01,Adtelligent - CTV - A+E Networks $15,76498.56,,,,0
2025-07-01,Conversant - CTV - Open Auction,76109.61,,,4804.73,0
2025-10-01,Sharethrough CTV Video,74575.75,,,,0
2026-01-01,Bidswitch - Seedtag,74293.88,,,,0
2026-04-01,Beeswax UR Improvement Tier 1 (High UR),72443.26,,9409.19,,0
2025-04-01,Xandr CTV,71193.99,,,,0
2025-04-01,Viant - MW,70522.38,,,,0
2025-04-01,Centro Video Web (1st Price),69821.15,,,,0
2025-04-01,Lemma DSP CTV Ad,69455.85,,,,0
2025-01-01,Viant - MW,69309.58,,,,0
2026-04-01,Xandr CTV,68999.68,,11179.92,,0
2026-01-01,LoopMe - Open Auction - CTV,68842.14,,,,0
2026-07-01,Viant - CTV - 1st Price,68118.06,68118.06,,,0
2025-10-01,Xandr CTV,66425.7,,,,0
2025-04-01,Viant - Desktop,65876.51,,,,0
2025-10-01,TrueX Roku Games,65335.76,,,,0
2025-01-01,SkyUK_SkyMedia,65039.93,,,,0
2025-01-01,LoopMe - Open Auction - CTV,64786.23,,,,0
2025-10-01,Yahoo - In-App,63737.2,,,,0
2025-10-01,TrueX Comcast games,63422.16,,,,0
2025-04-01,Centro Display Web,62334.36,,,,0
2025-04-01,GroundTruth Video CTV,61497.65,,,,0
2025-01-01,Centro Video Web (1st Price),61206.8,,,,0
2026-04-01,Basis - CTV - oRTB - (US),60610.37,,6612.06,,0
2025-07-01,Amobee - CTV - 1st Price,59461.44,,,9243.84,0
2025-01-01,StackAdapt - CTV - Open Auction,59405.89,,,,0
2025-01-01,Centro Display Web,58902.75,,,,0
2025-07-01,Viant - MW,57922.43,,,6170.59,0
2025-01-01,Lemma DSP CTV Ad,57497.81,,,,0
2025-04-01,Bidswitch - Seedtag,55089.4,,,,0
2026-04-01,Beeswax UR Improvement Tier 2 (Mid UR),55061.4,,4978.44,,0
2025-10-01,Beeswax UR Improvement Tier 1 (High UR),55059.68,,,,0
2025-07-01,4INFO - CTV - 1st Price,54432.7,,,1953.19,0
2025-04-01,Conversant Pluto CTV (204778),53679.87,,,,0
2025-07-01,Bidswitch - APP 1st Price,53063.93,,,1281.16,0
2025-04-01,Beeswax - CTV - Open Auction,52734.01,,,,0
2025-10-01,Beeswax UR Improvement Tier 2 (Mid UR),52691.72,,,,0
2025-07-01,Beeswax - CTV - Open Auction,52628.2,,,,0
2025-07-01,TrueX Roku AVOD,52440.36,,,7837.2,0
2025-01-01,Adtelligent - CTV - A+E Networks $15,51874.86,,,,0
2026-04-01,TrueX Roku AVOD,51525.42,,6835.44,,0
2025-07-01,,51420.27,,,,0
2025-04-01,TrueX Roku AVOD,51404.94,,,,0
2026-01-01,Xandr CTV,51284.4,,,,0
2026-01-01,Beeswax UR Improvement Tier 1 (High UR),51036.61,,,,0
2025-07-01,Sharethrough CTV Video,50043.3,,,3360.49,0
2025-04-01,Ad Theorent - CTV - 1st Price,49167.54,,,,0
2026-07-01,SEEDTAG (DON'T USE),48290.63,48290.63,,,0
2025-07-01,Beeswax UR Improvement Tier 1 (High UR),47961.41,,,1703.64,0
2026-01-01,Yahoo - In-App,47935.34,,,,0
2026-04-01,Adtelligent - CTV - A+E Networks $15,46356.77,,10668.47,,0
2025-10-01,Viant - MW,45977.43,,,,0
2025-07-01,TTD - APP,45097.94,,,6419.26,0
2026-04-01,Beeswax - CTV - Open Auction WEST,43764.1,,,,0
2026-04-01,Sharethrough CTV Video,43087.21,,12889.37,,0
2025-07-01,Xandr CTV,42247.01,,,11032.78,0
2026-01-01,TTD - APP,42116.45,,,,0
2025-10-01,Viant - MW - 1st Price,41850.85,,,,0
2025-01-01,Viant - Desktop,41755.64,,,,0
2025-01-01,Xandr CTV,41444.89,,,,0
2025-07-01,Centro Video Web (1st Price),41416.3,,,6096.41,0
2026-04-01,Yahoo - In-App,40874.93,,3248.84,,0
2025-07-01,Viant - Desktop,40582.75,,,10679.4,0
2025-07-01,Centro Display Web,40332.5,,,6251.88,0
2026-01-01,Beeswax UR Improvement Tier 2 (Mid UR),40053.57,,,,0
2026-01-01,Sharethrough CTV Video,39757.33,,,,0
2025-04-01,Amobee - CTV - 1st Price,39717.77,,,,0
2025-10-01,Yahoo - CTV - Open Auction,39247.36,,,,0
2025-10-01,Centro Video Web (1st Price),39065.39,,,,0
2026-07-01,TTD - CTV (1st Price),38600.91,38600.91,,,0
2025-04-01,TTD - APP,38502.23,,,,0
2025-04-01,Beeswax UR Improvement Tier 2 (Mid UR),38495.79,,,,0
2026-01-01,Lemma DSP CTV Ad,38338.17,,,,0
2025-10-01,TTD - APP [Display],37533.06,,,,0
2025-10-01,TrueX Vizio games,37240.24,,,,0
2026-04-01,TTD - APP [Display],36568.21,,5949.38,,0
2025-10-01,Adtelligent - CTV - A+E Networks $15,36286.48,,,,0
2025-10-01,TTD - APP,35839.44,,,,0
2026-04-01,TrueX Roku Games,35520.66,,4009.8,,0
2025-04-01,GroundTruth Video CTV - No LatLong,35454.91,,,,0
2025-07-01,Beeswax - CTV - Open Auction EAST,35226.49,,,4188.77,0
2025-07-01,TrueX Comcast games,34552.38,,,4423.14,0
2025-01-01,Ad Theorent - Desktop/MW Display,34138.36,,,,0
2025-10-01,GroundTruth Video CTV,33756.25,,,,0
2025-04-01,TrueX Comcast games,33469.5,,,,0
2026-01-01,TrueX Roku AVOD,32919.94,,,,0
2025-01-01,Conversant - Web - Open Auction - Video,32729.17,,,,0
2025-04-01,Bidswitch - APP 1st Price,32249.34,,,,0
2025-01-01,GroundTruth Video CTV,32044.16,,,,0
2026-01-01,Adtelligent - CTV - A+E Networks $15,31489.79,,,,0
2025-01-01,SimpliFi - CTV - 1st Price,31163.8,,,,0
2025-07-01,Beeswax UR Improvement Tier 2 (Mid UR),30474.22,,,3120.95,0
2025-07-01,GroundTruth Video CTV,30297.49,,,4453.44,0
2026-04-01,SEEDTAG (DON'T USE),30073.3,,,,0
2025-01-01,TTD - APP [Display],29423.71,,,,0
2026-07-01,Amobee - CTV - 1st Price,29382.02,29382.02,,,0
2025-04-01,TrueX Roku Games,29321.52,,,,0
2025-07-01,TrueX Roku Games,28306.68,,,4097.76,0
2025-01-01,Bidswitch - Desktop - 1st Price (HB),27343.67,,,,0
2026-07-01,Seedtag,27252.69,27252.69,,,0
2025-10-01,Sharethrough Web (Open Auction),27251.65,,,,0
2025-01-01,Yahoo - CTV - Open Auction,26654.46,,,,0
2025-07-01,TTD - Desktop - 1st Price (HB),26627.76,,,4198.08,0
2025-10-01,SkyUK_SkyMedia,26137.89,,,,0
2025-04-01,Sharethrough Web (Open Auction),25952.27,,,,0
2025-01-01,Beeswax - CTV - Open Auction - Paramount,25778.85,,,,0
2025-07-01,Ad Theorent - CTV - 1st Price,25517.4,,,6315.06,0
2026-07-01,Beeswax - CTV - Open Auction EAST,25407.42,25407.42,,,0
2026-01-01,TTD - APP [Display],25390.54,,,,0
2025-01-01,TrueX Roku AVOD,25218.62,,,,0
2025-04-01,MadHive - CTV - 1st Price,25216.19,,,,0
2025-07-01,Viant - MW - 1st Price,25003.62,,,5.69,0
2026-01-01,Centro Video Web (1st Price),24093.33,,,,0
2025-01-01,Amobee - CTV - 1st Price,24021.24,,,,0
2025-01-01,SundaySky - Desktop - 1st Price,23854.88,,,,0
2025-10-01,TrueX Vizio AVOD,23692.62,,,,0
2025-01-01,Viant - APP,23117.11,,,,0
2025-01-01,GroundTruth Video CTV - No LatLong,23050.92,,,,0
2025-10-01,TrueX LG games,22786.12,,,,0
2026-07-01,Beeswax - CTV - Open Auction WEST,22783.33,22783.33,,,0
2025-07-01,TTD - CTV (LG Ads Only),22485.25,,,8493.81,0
2026-01-01,StackAdapt - CTV - Open Auction - Efficiency Monitoring,22274.96,,,,0
2026-04-01,Viant - CTV (Charter),22273.03,,2800.84,,0
2025-01-01,TTD - APP,22154.82,,,,0
2025-04-01,SmartyAds - CTV (Samsung),21968.68,,,,0
2025-04-01,SimpliFi - APP [Display],21910.19,,,,0
2026-04-01,Adtelligent - CTV (Price Targeted),21311.57,,2188.56,,0
2025-04-01,Centro Display InApp,20834.29,,,,0
2025-01-01,MadHive - CTV - 1st Price,20769.89,,,,0
2026-01-01,SkyUK_SkyMedia,20746.83,,,,0
2025-01-01,Viant - MW [Display],20612.24,,,,0
2026-04-01,StackAdapt - CTV - Open Auction - Efficiency Monitoring,20307.69,,3581.96,,0
2026-01-01,TrueX Roku Games,20257.6,,,,0
2025-10-01,StackAdapt - CTV - Open Auction (Canada),20246.42,,,,0
2025-04-01,TTD - Desktop - 1st Price (HB),20192.98,,,,0
2026-01-01,Viant - MW - 1st Price,20044.56,,,,0
2025-04-01,TrueX Vizio games,19874.58,,,,0
2025-04-01,Yahoo - CTV - Open Auction,19060.26,,,,0
2025-07-01,Yahoo - CTV - Open Auction,19011.95,,,2150.61,0
2025-10-01,TTD - Desktop - 1st Price (HB),18838.77,,,,0
2026-01-01,Viant - MW,18710.78,,,,0
2025-07-01,MadHive - CTV - 1st Price,18249.12,,,1458.26,0
2025-07-01,TrueX Vizio games,18215.16,,,1905.24,0
2025-01-01,TTD - MW [Display],18074.4,,,,0
2025-10-01,SmartyAds - CTV (Samsung),17932.55,,,,0
2025-01-01,TrueX Comcast games,17746.4,,,,0
2026-04-01,Lemma DSP CTV Ad,17320.55,,2544.66,,0
2025-10-01,StackAdapt - CTV - Open Auction - Efficiency Monitoring,17123.58,,,,0
2026-01-01,StackAdapt - CTV - Open Auction (Canada),17043.63,,,,0
2025-07-01,Sharethrough Web (Open Auction),16902.96,,,1474.21,0
2026-04-01,SkyUK_Play.Works UK non Sky,16473.88,,2169.58,,0
2026-04-01,TrueX Vizio AVOD,16098.9,,1759.92,,0
2025-07-01,SkyUK_SkyMedia,16069.28,,,1954.48,0
2025-07-01,SmartyAds - CTV (Samsung),16025.89,,,645.68,0
2025-10-01,Ad Theorent - CTV - 1st Price,15999.11,,,,0
2025-10-01,Yahoo - Desktop MW - Open Auction,15667.79,,,,0
2025-07-01,SimpliFi - Web (1st Price),15438.4,,,1945.5,0
2025-10-01,Viant - Desktop,15413.63,,,,0
2025-10-01,Bidswitch - MW - 1st Price (HB),15324.44,,,,0
2025-04-01,Ad Theorent - Desktop/MW Display,15225.58,,,,0
2026-07-01,Xandr CTV,15100.52,15100.52,,,0
2026-01-01,SkyUK_Play.Works UK non Sky,15008.19,,,,0
2025-04-01,SimpliFi - Web (1st Price),14890.72,,,,0
2025-04-01,MadHive - CTV - 1st Price (Paramount OA),14762.76,,,,0
2025-01-01,TrueX Roku Games,14692.88,,,,0
2025-04-01,Seedtag - Open Auction-  Ads.txt Updated CTV Supply  ,14619.59,,,,0
2025-07-01,StackAdapt - CTV - Open Auction - Efficiency Monitoring,14306.71,,,645.96,0
2025-07-01,Bidswitch - MW - 1st Price (HB),14298.43,,,431.67,0
2025-04-01,Sharethrough InApp Video (Open Auction),14286.43,,,,0
2025-01-01,Seedtag - Open Auction - CTV,14227.58,,,,0
2025-07-01,SundaySky - MW - 1st Price,14226.78,,,2135.26,0
2025-07-01,Centro Display InApp,14053.49,,,2007.11,0
2025-04-01,Viant - APP [Display],13953.23,,,,0
2025-01-01,Ad Theorent - Desktop/MW - 1st Price,13815.31,,,,0
2026-04-01,TrueX Vizio games,13580.82,,1602.78,,0
2025-01-01,Yahoo - Desktop MW - Open Auction,13485.27,,,,0
2026-04-01,Ad Theorent - CTV - 1st Price,13407.55,,976.47,,0
2025-04-01,SundaySky - MW - 1st Price,13317.26,,,,0
2025-01-01,Centro Display InApp,13309.91,,,,0
2025-04-01,Ad Theorent - Desktop/MW - 1st Price,13277.47,,,,0
2025-07-01,SundaySky - Desktop - 1st Price,13138.32,,,2153.83,0
2025-04-01,Marketing Architects - CTV - EW Scripps LAT,13004.55,,,,0
2026-04-01,Marketing Architects - CTV 1st Price,12813.8,,4031.71,,0
2025-07-01,LoopMe DSP Lottery Campaign copy (deal mimic),12644.11,,,30.35,0
2026-04-01,TTD - APP,12557.08,,1760.12,,0
2025-07-01,SimpliFi - APP [Display],12555.81,,,2954.91,0
2026-07-01,Beeswax UR Improvement Tier 2 (Mid UR),12530.79,12530.79,,,0
2025-07-01,TrueX Vizio AVOD,12473.16,,,1375.08,0
2025-01-01,TrueX Vizio games,12352.52,,,,0
2025-04-01,Sharethrough CTV Video,12352.09,,,,0
2025-01-01,Ad Theorent - CTV - 1st Price,12223.4,,,,0
2026-04-01,TrueX Comcast games,12145.56,,2150.52,,0
2025-01-01,DemandBase - CTV,12073.66,,,,0
2025-01-01,SimpliFi - APP [Display],11992.13,,,,0
2025-01-01,Viant - Desktop [Display],11979.84,,,,0
2026-04-01,Viant - MW - 1st Price,11925.93,,2166.96,,0
2025-07-01,TTD - MW - 1st Price (HB),11913.04,,,1263.16,0
2025-10-01,Viant - Desktop - 1st Price,11904.45,,,,0
2025-04-01,Bidswitch - MW - 1st Price (HB),11886.39,,,,0
2026-01-01,Lemma DSP Inapp Video,11817.97,,,,0
2026-04-01,SkyUK_SkyMedia,11788.82,,657.89,,0
2025-01-01,Sharethrough InApp Video (Open Auction),11783.27,,,,0
2025-01-01,MadHive - CTV - 1st Price (Paramount OA),11745.76,,,,0
2025-04-01,TTD - MW [Display],11728.19,,,,0
2025-10-01,Centro Display InApp,11536.67,,,,0
2026-01-01,Viant - Desktop - 1st Price,11403.16,,,,0
2025-04-01,Viant - APP,11293.22,,,,0
2026-01-01,Ad Theorent - CTV - 1st Price,11160.62,,,,0
2026-07-01,Bidswitch - CTV - 1st Price,10984.7,10984.7,,,0
2026-01-01,Sharethrough Web (Open Auction),10940.0,,,,0
2025-04-01,TrueX LG games,10904.76,,,,0
2025-04-01,Marketing Architects - OTT,10779.89,,,,0
2025-07-01,Sharethrough InApp Video (Open Auction),10678.77,,,983.82,0
2025-07-01,Sharethrough CTV Video - Shamrock Farms Bundle Optimized,10611.1,,,1800.62,0
2026-04-01,Viant - MW,10563.83,,1911.54,,0
2025-04-01,SundaySky - Desktop - 1st Price,10544.7,,,,0
2025-01-01,SimpliFi - Web (1st Price),10399.76,,,,0
2026-01-01,TrueX Comcast games,10362.4,,,,0
2026-07-01,Yahoo - In-App,10149.64,10149.64,,,0
2025-04-01,SimpliFi - APP - 1st Price,10110.35,,,,0
2025-04-01,TTD - CTV (LG Ads Only),9929.44,,,,0
2025-01-01,SmartyAds - CTV (Samsung),9907.44,,,,0
2025-04-01,TrueX Vizio AVOD,9816.3,,,,0
2025-10-01,SimpliFi - Web (1st Price),9763.59,,,,0
2025-07-01,SimpliFi - APP - 1st Price,9699.75,,,1233.89,0
2025-07-01,TrueX LG games,9666.06,,,1183.44,0
2025-10-01,Ad Theorent - Desktop/MW - 1st Price,9603.77,,,,0
2025-07-01,Ad Theorent - Desktop/MW - 1st Price,9473.61,,,1327.21,0
2026-01-01,TrueX Vizio games,9468.96,,,,0
2026-01-01,Viant - CTV (Charter),9383.84,,,,0
2025-04-01,Viant - MW [Display],9202.28,,,,0
2025-07-01,TTD - MW [Display],9197.62,,,1633.43,0
2025-07-01,TTD - CTV - oRTB (Canada),9081.93,,,,0
2026-04-01,GroundTruth Video CTV,9001.0,,3129.25,,0
2025-10-01,SmartyAds - CTV (Canada),8964.81,,,,0
2025-01-01,TrueX Vizio AVOD,8877.04,,,,0
2025-01-01,Sharethrough Web (Open Auction),8777.3,,,,0
2025-01-01,TTD - Desktop [Display],8489.29,,,,0
2025-07-01,Viant - Desktop - 1st Price,8424.71,,,17.03,0
2025-04-01,Beeswax UR Improvement Tier 1 (High UR),8328.38,,,,0
2026-01-01,Ad Theorent - Desktop/MW - 1st Price,8103.11,,,,0
2026-01-01,Viant - Desktop,7942.79,,,,0
2025-04-01,Sharethrough CTV Video - Shamrock Farms Bundle Optimized,7829.71,,,,0
2025-04-01,Seedtag - Open Auction - CTV,7643.11,,,,0
2026-04-01,PlayWire RON,7540.76,,0.19,,0
2026-01-01,TrueX Vizio AVOD,7535.28,,,,0
2025-10-01,TTD - MW - 1st Price (HB),7511.36,,,,0
2026-01-01,LoopMe DSP Lottery Campaign copy (deal mimic),7500.86,,,,0
2026-04-01,Ad Theorent - Desktop/MW - 1st Price,7491.39,,2197.06,,0
2025-01-01,Viant - APP [Display],7465.78,,,,0
2025-10-01,SundaySky - Desktop - 1st Price,7357.27,,,,0
2026-01-01,GroundTruth Video CTV,7357.19,,,,0
2026-04-01,Yahoo - CTV - Open Auction- Efficiency Monitoring,7352.26,,369.34,,0
2026-01-01,TTD - CTV - oRTB (Canada),7334.66,,,,0
2025-01-01,Conversant - Web - Open Auction - Display,7252.1,,,,0
2025-01-01,TTD - CTV (Charter),7190.17,,,,0
2025-01-01,SimpliFi - MW [Display],7166.54,,,,0
2025-01-01,Storygize - MW (1st Price),7163.85,,,,0
2025-10-01,SimpliFi - APP - 1st Price,7104.33,,,,0
2025-07-01,Ad Theorent - Desktop/MW Display,6989.05,,,1844.74,0
2025-10-01,Conversant - InApp - Open Auction,6984.72,,,,0
2025-10-01,Viant - CTV (Charter),6983.35,,,,0
2025-01-01,TTD - CTV (LG Ads Only),6941.88,,,,0
2025-10-01,DemandBase - CTV,6917.4,,,,0
2025-10-01,SundaySky - MW - 1st Price,6839.96,,,,0
2026-01-01,Conversant - CTV - Open Auction,6796.22,,,,0
2025-04-01,SmartyAds - CTV (Paramount),6776.84,,,,0
2026-04-01,StackAdapt - CTV - Open Auction (Canada),6716.56,,496.35,,0
2025-01-01,StackAdapt - Desktop - Open Auction,6640.21,,,,0
2026-01-01,Conversant - InApp - Open Auction,6622.94,,,,0
2026-04-01,LoopMe - Open Auction - CTV,6608.09,,2223.45,,0
2025-07-01,Conversant Pluto CTV (204778),6595.38,,,1323.38,0
2025-07-01,MadHive - CTV - 1st Price (Paramount OA),6582.97,,,1695.81,0
2026-01-01,TTD - Desktop - 1st Price (HB),6458.93,,,,0
2025-01-01,SundaySky - MW - 1st Price,6447.09,,,,0
2026-04-01,TrueX FireTV AVOD,6424.98,,825.3,,0
2025-01-01,TTD - MW - 1st Price (HB),6410.99,,,,0
2026-07-01,Basis - CTV - oRTB - (US),6332.73,6332.73,,,0
2026-01-01,Octillion - CTV - Open,6325.21,,,,0
2025-04-01,TTD - Desktop [Display],6320.37,,,,0
2025-04-01,Bidswitch - APP,6313.61,,,,0
2026-01-01,TrueX LG games,6276.92,,,,0
2026-04-01,Lemma DSP Inapp Video,6268.98,,945.43,,0
2025-07-01,SmartyAds - CTV (Paramount),6115.36,,,734.48,0
2026-01-01,TrueX FireTV AVOD,6092.78,,,,0
2025-01-01,TTD - Desktop - 1st Price (HB),6057.04,,,,0
2025-01-01,GroundTruth Video CTV - Efficiency Monitoring,6021.57,,,,0
2026-04-01,TrueX LG games,6010.14,,793.44,,0
2025-07-01,StackAdapt - CTV - Open Auction (Canada),5947.52,,,,0
2026-07-01,TrueX Roku AVOD,5924.58,5924.58,,,0
2026-01-01,TTD - MW - 1st Price (HB),5831.53,,,,0
2025-01-01,Bidswitch - MW [Display],5706.81,,,,0
2026-04-01,Conversant - CTV - Open Auction,5691.91,,1820.25,,0
2025-07-01,Viant - APP,5626.67,,,176.84,0
2026-01-01,TTD - CTV (LG Ads Only),5598.79,,,,0
2025-10-01,TTD - CTV (LG Ads Only),5592.85,,,,0
2025-10-01,Sharethrough CTV Video - Shamrock Farms Bundle Optimized,5554.64,,,,0
2025-01-01,TrueX LG games,5424.22,,,,0
2025-04-01,SimpliFi - MW [Display],5303.83,,,,0
2025-01-01,SimpliFi - CTV - 1st Price (Glewed),5255.38,,,,0
2025-10-01,Adtelligent - CTV,5228.47,,,,0
2025-01-01,Roku_games_xandr_$9,5219.67,,,,0
2025-01-01,Roku_videos_xandr_,5206.69,,,,0
2025-10-01,Centro Display Web,5195.01,,,,0
2025-10-01,TTD - CTV - oRTB (Canada),5192.03,,,,0
2025-07-01,SimpliFi - MW [Display],5184.1,,,741.57,0
2025-07-01,Viant - MW [Display],5155.43,,,1020.5,0
2025-04-01,SmartyAds - CTV (Streaming Apps),5125.71,,,,0
2025-01-01,SimpliFi - APP - 1st Price,5107.29,,,,0
2025-10-01,Bidswitch - Desktop - 1st Price (HB),5065.07,,,,0
2025-04-01,Viant - Desktop [Display],5031.18,,,,0
2026-04-01,SmartyAds - CTV (Plex),4921.37,,129.46,,0
2025-04-01,StackAdapt - Desktop - Open Auction,4846.88,,,,0
2025-01-01,SimpliFi - Desktop [Display],4786.53,,,,0
2026-01-01,Yahoo - CTV - Open Auction,4782.97,,,,0
2025-04-01,535Media - oRTB CTV,4768.32,,,,0
2026-04-01,Bidswitch - Seedtag,4737.03,,2755.84,,0
2026-04-01,Centro Video Web (1st Price),4719.84,,1978.64,,0
2025-04-01,StackAdapt - CTV - Open Auction - Efficiency Monitoring,4699.54,,,,0
2025-04-01,SmartyAds - CTV (1st Price),4669.82,,,,0
2025-04-01,Bidswitch - MW [Display],4627.57,,,,0
2026-04-01,Yahoo - CTV - Open Auction,4572.18,,251.55,,0
2025-04-01,Conversant - CTV - Open Auction (Charter),4547.5,,,,0
2026-07-01,Adtelligent - CTV - A+E Networks $15,4538.97,4538.97,,,0
2025-04-01,SimpliFi - Seedtag,4515.13,,,,0
2026-01-01,Centro Display InApp,4502.85,,,,0
2025-07-01,SimpliFi - Seedtag,4500.65,,,592.57,0
2025-01-01,Bidswitch - Desktop [Display],4491.18,,,,0
2026-04-01,Adtelligent - CTV,4454.68,,592.11,,0
2025-04-01,Conversant - InApp - Open Auction,4417.14,,,,0
2026-07-01,SkyUK_Play.Works UK non Sky,4349.48,4349.48,,,0
2026-04-01,TTD - Desktop - 1st Price (HB),4320.89,,467.72,,0
2025-10-01,Bidswitch - APP 1st Price,4317.74,,,,0
2025-01-01,Seedtag - Open Auction-  Ads.txt Updated CTV Supply  ,4310.9,,,,0
2025-04-01,TTD - CTV (Charter),4264.61,,,,0
2025-04-01,Roku_videos_xandr_,4215.39,,,,0
2026-04-01,TTD - CTV (UK) ,4167.93,,213.76,,0
2025-04-01,Roku_games_xandr_$9,4143.77,,,,0
2025-04-01,Ad Theorent - APP [Display],4130.42,,,,0
2025-04-01,Conversant - Web - Open Auction - Display,4092.58,,,,0
2026-01-01,Conversant - Web - Open Auction - Seedtag,4072.13,,,,0
2025-10-01,Octillion - CTV - Open,4071.08,,,,0
2026-01-01,Sharethrough InApp Video (Open Auction),3985.81,,,,0
2026-04-01,Sharethrough Web (Open Auction),3957.93,,1844.76,,0
2025-01-01,Amobee - Desktop/MW [Display],3941.42,,,,0
2025-10-01,Yahoo - CTV - Open Auction- Efficiency Monitoring,3929.12,,,,0
2025-07-01,Viant - APP [Display],3916.35,,,1145.95,0
2025-01-01,Ad Theorent - APP [Display],3888.38,,,,0
2026-04-01,DemandBase - CTV,3857.8,,197.01,,0
2026-04-01,Octillion - CTV - Open,3835.0,,855.69,,0
2025-07-01,StackAdapt - Desktop - Open Auction,3824.88,,,1122.08,0
2025-04-01,Beeswax - CTV - Open Auction - Paramount,3766.81,,,,0
2026-01-01,Beeswax UR Improvement Tier 3 (Low UR),3724.47,,,,0
2025-10-01,SmartyAds - CTV (Plex),3722.28,,,,0
2025-04-01,SimpliFi - Desktop [Display],3719.47,,,,0
2025-10-01,SkyUK_Play.Works UK non Sky,3688.23,,,,0
2025-07-01,SimpliFi - Desktop [Display],3665.11,,,416.1,0
2025-10-01,Viant - MW [Display],3649.39,,,,0
2025-07-01,Adtelligent - CTV,3580.91,,,0.72,0
2026-07-01,TrueX Roku Games,3501.66,3501.66,,,0
2025-01-01,Ad Theorent - APP Video 1st Price,3448.91,,,,0
2026-07-01,TTD - APP [Display],3448.19,3448.19,,,0
2025-07-01,Viant - APP - 1st Price,3447.05,,,936.89,0
2025-04-01,TTD - Seedtag - Pub ID Swap Test,3420.97,,,,0
2025-01-01,Bidswitch - MW - 1st Price (HB),3402.95,,,,0
2025-01-01,Conversant - InApp - Open Auction,3390.27,,,,0
2025-04-01,TTD - MW - 1st Price (HB),3384.75,,,,0
2025-10-01,Yahoo - Desktop MW - Open Auction - Efficiency Monitoring,3368.33,,,,0
2026-04-01,TTD - MW - 1st Price (HB),3297.47,,626.69,,0
2025-10-01,TTD - CTV (Charter),3270.47,,,,0
2026-01-01,PlayWire RON,3264.64,,,,0
2025-07-01,SmartyAds - CTV (1st Price),3244.63,,,539.36,0
2025-07-01,SmartyAds - CTV (Streaming Apps),3222.77,,,287.75,0
2026-01-01,TTD - MW [Display],3192.01,,,,0
2025-10-01,Viant - APP [Display],3191.02,,,,0
2025-04-01,Yahoo - Desktop MW - Open Auction,3169.14,,,,0
2026-04-01,TTD - MW [Display],3158.01,,938.0,,0
2025-10-01,SmartyAds - CTV (1st Price),3132.05,,,,0
2026-07-01,Beeswax UR Improvement Tier 1 (High UR),3127.54,3127.54,,,0
2025-04-01,Bidswitch - Desktop [Display],3124.79,,,,0
2025-10-01,LoopMe DSP Lottery Campaign copy (deal mimic),3114.9,,,,0
2025-10-01,SmartyAds - CTV (Paramount),3074.85,,,,0
2025-04-01,SmartyAds - (Seedtag),3069.77,,,,0
2026-07-01,StackAdapt - CTV - Open Auction - Efficiency Monitoring,3053.88,3053.88,,,0
2026-01-01,TrueX FireTV Games ,3011.64,,,,0
2026-04-01,Yahoo - Desktop MW - Open Auction - Efficiency Monitoring,3005.63,,193.45,,0
2025-10-01,Bidswitch - CTV - 1st Price (Bundle 151908),2962.01,,,,0
2026-01-01,Yahoo - CTV - Open Auction- Efficiency Monitoring,2941.67,,,,0
2026-04-01,Viant - Desktop,2940.91,,620.45,,0
2026-01-01,Viant - MW [Display],2897.51,,,,0
2025-01-01,StackAdapt - CTV - Open Auction - Efficiency Monitoring,2893.34,,,,0
2025-04-01,Viant - APP - 1st Price,2891.64,,,,0
2025-10-01,TrueX Cox games,2891.22,,,,0
2025-07-01,GroundTruth Video CTV - No LatLong,2849.28,,,2849.28,0
2025-10-01,TrueX LG AVOD,2827.5,,,,0
2025-01-01,535Media - oRTB CTV,2802.09,,,,0
2025-10-01,SmartyAds - CTV (Streaming Apps),2790.76,,,,0
2026-04-01,Yahoo - Desktop MW - Open Auction,2780.35,,185.08,,0
2025-01-01,Beeswax - App - Open Auction,2756.33,,,,0
2026-04-01,Conversant - Web - Open Auction - Seedtag,2703.53,,1218.2,,0
2026-04-01,Viant - MW [Display],2698.63,,384.66,,0
2025-01-01,SmartyAds - CTV (1st Price),2652.54,,,,0
2025-01-01,Beeswax - Display - Desktop/MW,2650.54,,,,0
2025-10-01,Marketing Architects - OTT,2649.56,,,,0
2026-07-01,Ad Theorent - CTV - 1st Price,2648.72,2648.72,,,0
2026-01-01,Adtelligent - CTV,2615.98,,,,0
2025-10-01,TTD - MW [Display],2614.81,,,,0
2026-01-01,TTD - Desktop [Display],2593.99,,,,0
2025-07-01,SmartyAds - (Seedtag),2585.5,,,266.87,0
2025-04-01,Beachfront Marketplace,2564.7,,,,0
2025-07-01,Bidswitch - MW [Display],2555.36,,,915.0,0
2026-07-01,TTD - CTV - oRTB (Canada),2541.65,2541.65,,,0
2025-10-01,Lemma DSP Inapp Video,2522.5,,,,0
2026-07-01,TrueX Vizio AVOD,2517.3,2517.3,,,0
2025-10-01,Beeswax UR Improvement Tier 3 (Low UR),2511.08,,,,0
2025-07-01,Conversant - Web - Open Auction - Display,2498.5,,,365.21,0
2025-01-01,Adtelligent - CTV,2472.98,,,,0
2025-01-01,SmartyAds - CTV (Paramount),2465.46,,,,0
2025-04-01,Viant - CTV (Charter),2432.02,,,,0
2026-04-01,TTD - Desktop [Display],2413.54,,693.83,,0
2025-01-01,Sharethrough CTV Video - Targeting away from Not Approved list,2404.52,,,,0
2025-01-01,Storygize - Desktop (1st Price),2396.66,,,,0
2025-01-01,Bidswitch - APP Display,2393.58,,,,0
2025-07-01,Viant - CTV (Charter),2387.54,,,90.16,0
2026-01-01,DemandBase - CTV,2386.18,,,,0
2026-01-01,Basis - CTV - oRTB - (Canada),2369.32,,,,0
2026-04-01,TTD - CTV (LATAM),2353.91,,649.95,,0
2025-07-01,Krush Media Video - CTV Direct (700),2347.04,,,537.33,0
2025-01-01,Viant - CTV (Charter),2346.79,,,,0
2026-01-01,Adtelligent - CTV (Price Targeted),2331.05,,,,0
2025-10-01,Adtelligent - CTV (Price Targeted),2313.35,,,,0
2025-10-01,TrueX FireTV Games ,2291.52,,,,0
2026-07-01,Adtelligent - CTV (Price Targeted),2274.32,2274.32,,,0
2026-01-01,Yahoo - Desktop MW - Open Auction - Efficiency Monitoring,2264.28,,,,0
2025-07-01,Yahoo - Desktop MW - Open Auction,2233.87,,,236.57,0
2026-04-01,TrueX FireTV Games ,2225.82,,338.1,,0
2025-07-01,Marketing Architects - CTV - EW Scripps LAT,2221.24,,,528.91,0
2026-01-01,TrueX Comcast AVOD,2215.84,,,,0
2025-01-01,Roku_Tankee_$7_AVOD_8156,2212.52,,,,0
2026-04-01,Centro Display InApp,2191.02,,83.14,,0
2025-04-01,Krush Media Video - CTV Direct (700),2189.88,,,,0
2025-04-01,4INFO - CTV - 1st Price,2162.52,,,,0
2026-07-01,SkyUK_SkyMedia,2146.15,2146.15,,,0
2025-01-01,Conversant - CTV - Open Auction (Charter),2143.0,,,,0
2025-04-01,TrueX Cox games,2139.84,,,,0
2026-04-01,TrueX Cox games,2120.22,,313.26,,0
2026-04-01,Viant - Desktop - 1st Price,2117.81,,688.97,,0
2025-10-01,Sharethrough InApp Video (Open Auction),2106.11,,,,0
2025-01-01,GroundTruth Display,2099.31,,,,0
2026-04-01,Sharethrough InApp Video (Open Auction),2043.59,,632.22,,0
2025-07-01,Conversant - InApp - Open Auction,2038.32,,,354.84,0
2025-04-01,Conversant - Web - Open Auction - Video,2009.23,,,,0
2025-01-01,Krush Media Video - CTV Direct (700),1984.86,,,,0
2025-07-01,TrueX Cox games,1966.86,,,232.92,0
2026-01-01,DeepIntent CTV OLV Demand,1936.46,,,,0
2026-01-01,Beeswax - CTV - Open Auction EAST,1921.19,,,,0
2026-07-01,TrueX Vizio games,1901.76,1901.76,,,0
2025-10-01,TrueX Comcast AVOD,1897.68,,,,0
2025-07-01,Conversant Philo CTV (125613),1893.39,,,410.38,0
2025-07-01,Bidswitch - Desktop [Display],1891.24,,,242.65,0
2025-04-01,Adtelligent - CTV,1885.04,,,,0
2026-07-01,TrueX LG games,1866.18,1866.18,,,0
2026-07-01,TrueX Comcast games,1801.86,1801.86,,,0
2026-04-01,TrueX Comcast AVOD,1794.48,,142.74,,0
2026-01-01,Centro Display Web,1778.55,,,,0
2025-07-01,TrueX LG AVOD,1765.74,,,229.26,0
2025-07-01,Beeswax UR Improvement Tier 3 (Low UR),1748.77,,,32.65,0
2026-01-01,Viant - APP [Display],1745.49,,,,0
2025-10-01,DeepIntent CTV OLV Demand,1692.72,,,,0
2026-04-01,Viant - APP [Display],1690.09,,127.98,,0
2025-10-01,Conversant - Web - Open Auction - Display,1684.31,,,,0
2026-07-01,TTD - APP,1681.11,1681.11,,,0
2025-01-01,Beachfront Marketplace,1680.09,,,,0
2025-01-01,TTD - Seedtag - Pub ID Swap Test,1671.74,,,,0
2025-04-01,GroundTruth Video CTV - Efficiency Monitoring,1646.19,,,,0
2026-04-01,TTD - CTV - oRTB (Canada),1635.38,,178.88,,0
2025-04-01,SmartyAds - Web [Display],1634.12,,,,0
2025-10-01,TTD - Desktop [Display],1633.93,,,,0
2026-07-01,Adtelligent - CTV,1588.78,1588.78,,,0
2025-01-01,Yahoo - Desktop MW - Open Auction - Efficiency Monitoring,1571.29,,,,0
2026-01-01,TTD - CTV (Charter),1533.95,,,,0
2026-04-01,Sharethrough CTV Video - Shamrock Farms Bundle Optimized,1533.85,,4.26,,0
2025-04-01,SmartyAds - CTV (Plex),1523.53,,,,0
2026-01-01,TrueX Cox games,1504.62,,,,0
2025-01-01,Bidswitch - APP 1st Price,1489.06,,,,0
2025-01-01,Marketing Architects - CTV 1st Price (Hearst),1484.58,,,,0
2025-04-01,TrueX LG AVOD,1480.62,,,,0
2025-07-01,Viant - Desktop [Display],1476.57,,,244.71,0
2025-01-01,SmartyAds - Web [Display],1471.27,,,,0
2025-04-01,Beeswax UR Improvement Tier 3 (Low UR),1462.47,,,,0
2025-10-01,Beachfront Marketplace,1457.34,,,,0
2025-04-01,Bidswitch - APP Display,1443.06,,,,0
2025-01-01,Bidswitch - Seedtag,1441.35,,,,0
2025-04-01,Lemma DSP Inapp Video,1432.86,,,,0
2026-01-01,TTD - CTV (LATAM),1419.71,,,,0
2025-10-01,TrueX FireTV AVOD,1410.08,,,,0
2025-07-01,Seedtag - Open Auction-  Ads.txt Updated CTV Supply  ,1405.56,,,1091.42,0
2025-07-01,Conversant Vizio CTV (203828),1404.74,,,302.17,0
2025-04-01,Yahoo - Desktop MW - Open Auction - Efficiency Monitoring,1403.51,,,,0
2025-04-01,DemandBase - CTV,1368.75,,,,0
2025-07-01,Bidswitch - Desktop - 1st Price (HB),1342.87,,,124.52,0
2025-07-01,TTD - Desktop [Display],1339.17,,,489.16,0
2025-04-01,PlayWire RON,1337.27,,,,0
2025-01-01,TrueX LG AVOD,1323.0,,,,0
2025-10-01,Krush Media Web Video,1320.43,,,,0
2025-01-01,Bidswitch - APP,1305.88,,,,0
2026-01-01,Test PSA Ads,1295.35,,,,0
2025-10-01,Krush Media Video - CTV Direct (700),1292.71,,,,0
2025-07-01,DemandBase - CTV,1268.66,,,325.55,0
2026-01-01,Yahoo - Desktop MW - Open Auction,1266.19,,,,0
2025-04-01,Conversant Philo CTV (125613),1265.92,,,,0
2026-07-01,Sharethrough CTV Video,1263.43,1263.43,,,0
2025-07-01,PlayWire RON,1232.2,,,37.55,0
2025-07-01,Krush Media Web Video,1224.72,,,43.32,0
2026-01-01,Viant - APP - 1st Price,1221.23,,,,0
2025-07-01,Conversant - Web - Open Auction - Video,1216.78,,,140.62,0
2025-01-01,Adtelligent - CTV (Fubo),1207.42,,,,0
2026-01-01,Marketing Architects - OTT,1201.41,,,,0
2025-10-01,StackAdapt - Desktop - Open Auction,1186.59,,,,0
2026-04-01,Conversant - InApp - Open Auction,1178.73,,182.07,,0
2025-04-01,Beeswax - CTV - Open Auction EAST,1175.17,,,,0
2025-07-01,Octillion - CTV - Open,1163.04,,,48.19,0
2026-07-01,Viant - MW - 1st Price,1157.98,1157.98,,,0
2025-01-01,Beeswax Deal - CTV - TEGNA,1141.55,,,,0
2026-01-01,Viant - APP,1129.34,,,,0
2025-01-01,Viant - Desktop - 1st Price,1128.52,,,,0
2026-04-01,TrueX LG AVOD,1126.2,,115.74,,0
2025-04-01,Amobee - Desktop/MW [Display],1124.89,,,,0
2025-10-01,Viant - APP,1113.1,,,,0
2025-04-01,2505 - MGMPLUS -  MAY 2025 XCH - MGMP20313-14 (SERIES),1108.02,,,,0
2025-10-01,Ad Theorent - Desktop/MW Display,1095.4,,,,0
2025-04-01,Roku_Tankee_$7_AVOD_8156,1086.22,,,,0
2025-10-01,Viant - Desktop [Display],1080.02,,,,0
2025-07-01,SmartyAds - Web [Display],1072.77,,,128.71,0
2025-10-01,Viant - APP - 1st Price,1071.09,,,,0
2025-04-01,Storygize - MW (1st Price),1068.62,,,,0
2025-01-01,SmartyAds - (Seedtag),1066.37,,,,0
2025-07-01,TTD - CTV (Charter),1061.48,,,275.36,0
2025-04-01,Storygize - Desktop (1st Price),1057.32,,,,0
2025-07-01,Yahoo - CTV - Open Auction- Efficiency Monitoring,1055.17,,,17.33,0
2025-04-01,Beeswax - Display - Desktop/MW,1044.38,,,,0
2026-07-01,Viant - MW,1033.89,1033.89,,,0
2025-07-01,SmartyAds - CTV (Plex),1033.29,,,176.57,0
2025-01-01,SmartyAds - App [Display],1016.54,,,,0
2025-10-01,4INFO - CTV - 1st Price,1004.16,,,,0
2026-01-01,Viant - Desktop [Display],992.04,,,,0
2025-07-01,TrueX Comcast AVOD,991.08,,,194.52,0
2025-07-01,Marketing Architects - OTT,986.61,,,235.65,0
2026-04-01,LoopMe DSP Lottery Campaign copy (deal mimic),978.97,,116.83,,0
2025-01-01,TrueX Comcast AVOD,970.0,,,,0
2025-07-01,Yahoo - Desktop MW - Open Auction - Efficiency Monitoring,968.1,,,65.9,0
2026-01-01,TrueX LG AVOD,949.5,,,,0
2026-07-01,Yahoo - Desktop MW - Open Auction,927.65,927.65,,,0
2025-04-01,Bidswitch - CTV - 1st Price (Bundle 151908),923.07,,,,0
2025-07-01,Bidswitch - CTV - 1st Price (Bundle 151908),916.49,,,81.28,0
2025-04-01,Roku SA Kids Tweens Excluding Latam,908.41,,,,0
2025-01-01,Beeswax - CTV - Open Auction EAST,899.09,,,,0
2025-10-01,The Smashing Machine,897.0,,,,0
2026-07-01,TrueX FireTV AVOD,874.86,874.86,,,0
2025-10-01,Conversant - Web - Open Auction - Video,865.35,,,,0
2025-04-01,Octillion - CTV - Open,864.79,,,,0
2025-10-01,Basis - CTV - oRTB - (Canada),863.56,,,,0
2026-04-01,2605 - MGMPLUS - MAY 2026 - XCH - MGMP23448-13 - SERIES ,843.44,,,,0
2025-01-01,Yahoo - CTV - Open Auction- Efficiency Monitoring,840.34,,,,0
2025-10-01,2511 - MGMPLUS - ROBIN HOOD PROMO - MGMPHD363301-01  (SERIES),826.72,,,,0
2025-10-01,Beeswax - CTV - Open Auction EAST,823.04,,,,0
2026-01-01,SundaySky - MW - 1st Price,817.58,,,,0
2025-07-01,Lemma DSP Inapp Video,808.68,,,120.15,0
2026-01-01,Conversant - Web - Open Auction - Display,803.0,,,,0
2025-04-01,2505 - MGMPLUS -  MAY 2025 XCH - MGMP20313-14 (MOVIES),788.87,,,,0
2025-01-01,Octillion - CTV - Open,785.36,,,,0
2026-01-01,TTD - CTV (UK) ,783.14,,,,0
2026-04-01,Centro Display Web,782.59,,103.64,,0
2026-04-01,Basis - CTV - oRTB - (Canada),757.29,,148.82,,0
2025-10-01,Ad Theorent - APP [Display],741.85,,,,0
2026-01-01,SmartyAds - CTV (Samsung),741.8,,,,0
2026-07-01,Ad Theorent - Desktop/MW - 1st Price,736.76,736.76,,,0
2025-07-01,535Media - oRTB CTV,719.35,,,713.57,0
2025-01-01,Beeswax - CTV - Open Auction - Efficiency Monitoring,714.01,,,,0
2026-04-01,Viant - APP - 1st Price,712.42,,112.86,,0
2025-01-01,Amobee - Desktop/MW - 1st price,705.77,,,,0
2025-04-01,LoopMe DSP Lottery Campaign copy (deal mimic),697.44,,,,0
2025-04-01,TrueX Comcast AVOD,688.56,,,,0
2025-01-01,TrueX Cox games,681.68,,,,0
2025-04-01,TrueX FireTV Games ,678.0,,,,0
2025-10-01,SimpliFi - APP [Display],667.72,,,,0
2025-07-01,TrueX FireTV Games ,666.6,,,56.7,0
2025-01-01,2501-MGMPLUS - JAN 2025 XCH - MGMP2030015 - MOVIES,655.12,,,,0
2026-04-01,Beeswax UR Improvement Tier 3 (Low UR),648.73,,48.38,,0
2025-07-01,Conversant - CTV - Open Auction (Charter),645.96,,,47.35,0
2026-07-01,LoopMe - Open Auction - CTV,632.68,632.68,,,0
2026-04-01,Viant - APP,630.88,,94.56,,0
2026-01-01,SundaySky - Desktop - 1st Price,629.35,,,,0
2025-10-01,GroundTruth Video CTV - Efficiency Monitoring,619.12,,,,0
2026-04-01,TTD - CTV (Charter),611.96,,25.61,,0
2025-01-01,SmartyAds - Web Video,604.07,,,,0
2025-04-01,Conversant Vizio CTV (203828),603.06,,,,0
2025-01-01,Unruly CTV Video,594.72,,,,0
2025-04-01,Beeswax Deal - CTV - TEGNA,594.54,,,,0
2025-01-01,Krush Media Web Video,594.52,,,,0
2025-01-01,Beeswax - Desktop/MW - Open Auction,590.35,,,,0
2026-07-01,TTD - Desktop - 1st Price (HB),566.94,566.94,,,0
2025-04-01,Beeswax - Desktop/MW - Open Auction,566.58,,,,0
2025-10-01,Conversant - CTV - Open Auction (Charter),565.39,,,,0
2025-01-01,Yahoo - In-App,557.31,,,,0
2026-07-01,TrueX LG AVOD,551.46,551.46,,,0
2025-01-01,TrueX FireTV Games ,549.46,,,,0
2025-07-01,SmartyAds - Web [Display] (Allow List 9.7.21),540.47,,,,0
2026-04-01,StackAdapt - Desktop - Open Auction,539.68,,45.04,,0
2025-07-01,GroundTruth Video CTV - Efficiency Monitoring,537.98,,,54.44,0
2026-04-01,Marketing Architects - CTV 1st Price - Roku Device Targeting Only,519.68,,140.98,,0
2025-10-01,TTD - CTV (LATAM),517.18,,,,0
2025-04-01,2506 - MGMPLUS - JUNE XCH - SERIES - MGMP20316-12 ,514.51,,,,0
2026-01-01,StackAdapt - Desktop - Open Auction,514.02,,,,0
2026-01-01,2601 - MGMPLUS - JAN 2026 XCH - MGMP23424-13 - MOVIES,509.89,,,,0
2026-01-01,SmartyAds - CTV (1st Price),508.37,,,,0
2025-10-01,SimpliFi - MW [Display],506.99,,,,0
2025-01-01,Amobee - APP 1st Price,504.77,,,,0
2025-01-01,2501-MGMPLUS - JAN 2025 XCH - MGMP2030015 - SERIES,500.2,,,,0
2025-04-01,Yahoo - CTV - Open Auction- Efficiency Monitoring,495.13,,,,0
2026-04-01,Viant - Desktop [Display],487.68,,71.35,,0
2025-07-01,Yahoo - In-App,486.64,,,27.02,0
2025-01-01,SimpliFi - Seedtag,478.25,,,,0
2025-01-01,Viant - APP - 1st Price,474.15,,,,0
2025-04-01,SimpliFi - CTV - 1st Price (Glewed),470.44,,,,0
2026-07-01,DemandBase - CTV,463.35,463.35,,,0
2025-10-01,2511 - MGMPLUS - ROBIN HOOD PROMO - MGMPHD363301-01 - MOVIES,457.34,,,,0
2026-04-01,Ad Theorent - APP Video 1st Price,453.06,,36.51,,0
2025-04-01,Bidswitch - Desktop - 1st Price (HB),450.88,,,,0
2026-07-01,Yahoo - CTV - Open Auction,450.87,450.87,,,0
2026-04-01,2606 - MGMPLUS - JUNE XCH - MGMP23455-13  -  SERIES,448.36,,,,0
2026-01-01,StackAdapt - APP - Open Auction,448.01,,,,0
2025-01-01,MetaX Paramount $10.11,435.78,,,,0
2026-07-01,Yahoo - Desktop MW - Open Auction - Efficiency Monitoring,430.88,430.88,,,0
2025-01-01,The Media Sense DSP CTV Ads Direct,430.51,,,,0
2025-10-01,SimpliFi - Desktop [Display],427.25,,,,0
2026-04-01,Ad Theorent - Desktop/MW Display,422.16,,25.15,,0
2026-07-01,GroundTruth Video CTV,419.49,419.49,,,0
2026-01-01,2601 - MGMPLUS - JAN 2026 XCH - MGMP23424-13 - SERIES,418.08,,,,0
2025-10-01,SmartyAds - Web (Taboola),416.24,,,,0
2026-04-01,2605 - MGMPLUS - MAY 2026 - XCH - MGMP23448-13 - MOVIES,411.41,,,,0
2026-04-01,"2605 - MGMPLUS - MAY 2026 - FROM S4 PROMO ""Lullabies"" - MGMPHDD363412 - SERIES",407.32,,,,0
2026-07-01,StackAdapt - CTV - Open Auction (Canada),406.62,406.62,,,0
2025-04-01,0425 - MGMPLUS -  APRIL 2025 XCH PROMO - MGMP20312-14 (MOVIES),403.16,,,,0
2025-04-01,Yahoo - In-App,402.96,,,,0
2025-10-01,MetaX Paramount $10.11,397.91,,,,0
2025-04-01,Ad Theorent - APP Video 1st Price,392.3,,,,0
2026-04-01,Conversant - Web - Open Auction - Display,388.71,,70.73,,0
2025-01-01,2502 - MGMPLUS - FEB 2025 XCH - MGMP20305-15 - MOVIES,384.14,,,,0
2025-07-01,SmartyAds - Web (Taboola),383.2,,,17.67,0
2026-07-01,SmartyAds - CTV (Plex),378.73,378.73,,,0
2025-07-01,2507 - MGMPLUS - INSTITUTE S1 PROMO - SERIES - MGMPHD363209,367.33,,,19.02,0
2025-04-01,Beeswax - App - Open Auction,366.71,,,,0
2025-01-01,IQM - Display - Open Auction,361.18,,,,0
2025-01-01,2503 - MGMPLUS - MARCH 2025 XCH - MGMP20309-14 - MOVIES,359.9,,,,0
2025-04-01,StackAdapt - APP - Open Auction,359.7,,,,0
2026-04-01,Verizon - CTV (Charter),359.44,,1.25,,0
2025-04-01,2506 - MGMPLUS - JUNE XCH - MOVIES - MGMP20316-12,351.17,,,,0
2026-07-01,Viant - APP [Display],348.38,348.38,,,0
2026-04-01,2604 - MGMPLUS - APRIL 2026 XCH - MGMP23440-13 - SERIES,345.49,,,,0
2025-01-01,LoopMe DSP Lottery Campaign copy (deal mimic),344.61,,,,0
2026-04-01,Bidswitch - Desktop [Display],342.34,,8.13,,0
2025-07-01,Ad Theorent - APP [Display],341.02,,,37.3,0
2025-04-01,SmartyAds - App [Display],330.75,,,,0
2025-10-01,SmartyAds - Web [Display],330.29,,,,0
2025-04-01,Beeswax - CTV - Open Auction - Efficiency Monitoring,329.38,,,,0
2025-07-01,SmartyAds - App (1st Price),328.26,,,10.89,0
2026-07-01,Yahoo - CTV - Open Auction- Efficiency Monitoring,325.76,325.76,,,0
2026-07-01,TTD - MW - 1st Price (HB),325.23,325.23,,,0
2025-01-01,IQM - Web Video - Open Auction,318.68,,,,0
2026-04-01,IQM - CTV - Open Auction,315.85,,42.9,,0
2026-01-01,Ad Theorent - Desktop/MW Display,307.68,,,,0
2026-07-01,Viant - Desktop,298.57,298.57,,,0
2026-04-01,GroundTruth Display,298.03,,18.64,,0
2025-01-01,Yahoo - Seedtag,291.84,,,,0
2026-04-01,Conversant - Web - Open Auction - Video,288.11,,3.26,,0
2026-01-01,IQM - CTV - Open Auction,287.19,,,,0
2025-10-01,2512 - MGMPLUS - DECEMBER 2025 - ROBIN HOOD PP CRITICS PROMO - MGMPHD363339-01 - SERIES ,284.14,,,,0
2025-10-01,2510 - MGMPLUS - BTK - S3  - Dead or Alive Promo - MGMPHD363273 - PP - (MOVIES),281.38,,,,0
2025-07-01,2507 - MGMPLUS - INSTITUTE S1 PROMO - MOVIES - MGMPHD363209 ,280.3,,,9.87,0
2026-01-01,SmartyAds - CTV (Plex),279.23,,,,0
2025-07-01,2508 - MGMPLUS - AUG 2025 XCH - MGMP20323-10 - SERIES,278.72,,,,0
2025-10-01,2511 - MGMPLUS - NOVEMBER XCH - MGMP23418-13 (SERIES),278.13,,,,0
2026-04-01,StackAdapt - APP - Open Auction,276.96,,36.5,,0
2026-07-01,TTD - MW [Display],274.65,274.65,,,0
2025-07-01,Adtelligent - CTV (Fubo),273.11,,,0.39,0
2026-07-01,Sharethrough Web (Open Auction),269.67,269.67,,,0
2025-01-01,TTD - APP - 1st Price,263.25,,,,0
2026-07-01,Centro Display InApp,259.9,259.9,,,0
2026-04-01,Bidswitch - APP Display,259.8,,30.91,,0
2026-07-01,Marketing Architects - CTV 1st Price,259.16,259.16,,,0
2026-01-01,SmartyAds - Web [Display],257.22,,,,0
2026-07-01,Lemma DSP CTV Ad,254.67,254.67,,,0
2025-10-01,2510 - MGMPLUS - BTK S3 - Dead or Alive Promo - PP - MGMPHD363273 - (SERIES),253.18,,,,0
2025-10-01,2512 - MGMPLUS - DECEMBER 2025 XCH - MGMP23419-11 - SERIES,253.18,,,,0
2026-07-01,TrueX Comcast AVOD,248.46,248.46,,,0
2026-04-01,Bidswitch - CTV (Charter),248.07,,3.37,,0
2026-04-01,SmartyAds - CTV (Samsung),247.6,,127.16,,0
2026-07-01,TrueX FireTV Games ,245.4,245.4,,,0
2025-07-01,Basis - CTV - oRTB - (Canada),245.34,,,,0
2026-01-01,SmartyAds - CTV (Paramount),244.1,,,,0
2026-07-01,Viant - MW [Display],243.42,243.42,,,0
2026-01-01,Marketing Architects - CTV 1st Price (Hearst),238.91,,,,0
2025-07-01,2508 - MGMPLUS - INSTITUTE S1 PROMO - MGMPHD363209 - SERIES,238.0,,,,0
2026-07-01,Conversant - CTV - Open Auction,235.99,235.99,,,0
2025-01-01,Conversant - Web - Open Auction - Seedtag,235.06,,,,0
2026-07-01,TTD - CTV (Charter),234.01,234.01,,,0
2025-07-01,Ad Theorent - APP Video 1st Price,233.48,,,78.01,0
2025-07-01,Storygize - Desktop (1st Price),230.76,,,209.65,0
2025-04-01,SmartyAds - Web Video,230.45,,,,0
2025-10-01,TrueX Cox AVOD,228.8,,,,0
2025-10-01,IQM - CTV - Open Auction,226.98,,,,0
2025-07-01,DeepIntent CTV OLV Demand,224.41,,,27.53,0
2026-01-01,Krush Media Web Video,224.32,,,,0
2025-01-01,StackAdapt - APP - Open Auction,222.92,,,,0
2025-07-01,2507 - MGMPLUS - JULY XCH - MOVIES - MGMPHD20311-12,221.81,,,221.81,0
2026-07-01,Viant - CTV (Charter),220.74,220.74,,,0
2025-01-01,DeepIntent CTV OLV Demand,220.64,,,,0
2026-01-01,Bidswitch - Desktop [Display],219.07,,,,0
2025-10-01,2512 - MGMPLUS - DECEMBER 2025 - ROBIN HOOD PP CRITICS PROMO - MGMPHD363339-01 - MOVIES,213.52,,,,0
2025-04-01,GroundTruth Display,210.89,,,,0
2025-01-01,SmartyAds - App (1st Price),208.86,,,,0
2026-01-01,2602 - MGMPLUS - FEB 2026 XCH - MGMP23430 - MOVIES,208.36,,,,0
2025-10-01,2512 - MGMPLUS - DECEMBER 2025 XCH - MGMP23419-11 - MOVIES,206.72,,,,0
2025-07-01,2508 - MGMPLUS - AUG 2025 XCH - MGMP20323-10 - MOVIES,206.31,,,,0
2026-01-01,0326 - MGMPLUS -  AMERICAN CLASSIC PROMO - MGMPHD363384 - MOVIES ,202.17,,,,0
2026-04-01,DeepIntent CTV OLV Demand,201.66,,33.32,,0
2025-07-01,Conversant AMC CTV (205656),200.19,,,41.16,0
2025-04-01,2505 - MGMPLUS -  GOH S4 XCH Promo - MGMP20313-14 (SERIES Short Run),199.87,,,,0
2025-10-01,StackAdapt - APP - Open Auction,198.85,,,,0
2026-07-01,2607 - MGMPLUS - WESTIES - PROMO A - Pre-Premiere - MGMPHD363429 - SERIES,196.36,196.36,,,0
2025-10-01,SimpliFi - CTV - 1st Price (Glewed),196.04,,,,0
2025-07-01,StackAdapt - APP - Open Auction,195.53,,,0.54,0
2025-07-01,Conversant Filmrise CTV (203765),194.5,,,27.47,0
2026-01-01,Bidswitch - Desktop - 1st Price (HB),194.47,,,,0
2026-01-01,Ad Theorent - APP [Display],194.14,,,,0
2025-10-01,Bidswitch - MW [Display],192.25,,,,0
2025-07-01,2509 - MGMPLUS - BILLY THE KID S3 TRAILER Cutdown - MGMPHD363273 - SERIES,191.42,,,,0
2026-01-01,Bidswitch - CTV - 1st Price (Bundle 151908),190.51,,,,0
2026-04-01,Centro Video InApp,188.2,,31.59,,0
2025-01-01,MadHive - APP - 1st Price,187.9,,,,0
2026-07-01,Viant - Desktop - 1st Price,185.19,185.19,,,0
2025-07-01,SmartyAds - CTV (LG),183.86,,,3.77,0
2026-01-01,0326 - MGMPLUS -  MARCH XCH - MGMP23433-13 - SERIES,183.12,,,,0
2026-01-01,Centro Video InApp,183.04,,,,0
2026-04-01,"2605 - MGMPLUS - MAY 2026 - FROM S4 PROMO ""Lullabies"" - MGMPHDD363412 - MOVIES",181.82,,,,0
2026-07-01,TrueX Cox games,180.96,180.96,,,0
2025-10-01,SmartyAds - App (1st Price),180.6,,,,0
2025-01-01,Conversant AMC CTV (205656),180.5,,,,0
2025-07-01,SmartyAds - Web Video,179.01,,,17.8,0
2025-07-01,TrueX Samsung games,177.6,,,17.88,0
2026-01-01,0326 - MGMPLUS -  MARCH XCH - MGMP23433-13 - MOVIES,173.87,,,,0
2026-01-01,2602 - MGMPLUS  - FEB XCH - MGMP23430-13 - SERIES,173.84,,,,0
2026-01-01,Krush Media Video - CTV Direct (700),172.63,,,,0
2025-01-01,2503 - MGMPLUS - MARCH 2025 XCH - MGMP20309-14 - ORIGINAL SERIES,171.08,,,,0
2025-04-01,TrueX Samsung games,169.38,,,,0
2026-01-01,Sharethrough CTV Video - Shamrock Farms Bundle Optimized,167.27,,,,0
2025-01-01,Conversant Vizio CTV (203828),167.14,,,,0
2025-07-01,2507 - MGMPLUS - JULY XCH - SERIES - MGMPHD20311-12,166.34,,,166.34,0
2025-10-01,SmartyAds - Web Video,164.15,,,,0
2025-10-01,2511 - MGMPLUS - NOVEMBER XCH - MGMP23418-13 - MOVIES,163.92,,,,0
2025-07-01,2508 - MGMPLUS - INSTITUTE S1 PROMO - MGMPHD363209 - MOVIES,163.89,,,,0
2026-01-01,2602 - MGMPLUS -  VANISHED Trailer - MGMPHD363360 - MOVIES,163.47,,,,0
2025-01-01,Conversant Filmrise CTV (203765),163.16,,,,0
2026-01-01,2602 - MGMPLUS  - VANISHED Trailer - MGMPHD363360 - SERIES,163.08,,,,0
2025-10-01,SmartyAds - (Seedtag),161.94,,,,0
2025-01-01,Bidswitch - CTV - 1st Price (Bundle 151908),161.43,,,,0
2025-04-01,Amobee - Desktop/MW - 1st price,159.4,,,,0
2026-04-01,2604 - MGMPLUS - AMERICAN CLASSIC PROMO - MGMPHD363418 - MOVIES,159.35,,159.35,,0
2026-07-01,PlayWire RON,159.2,159.2,,,0
2025-07-01,Conversant Philo CTV (125613) (b07bkpfxtj),157.57,,,45.88,0
2025-07-01,2509 - MGMPLUS - SEPT 2025 XCH - MGMP20329-12 - SERIES,155.62,,,,0
2026-01-01,SmartyAds - CTV (LATAM),155.13,,,,0
2025-07-01,2509 - MGMPLUS - SEPT 2025 XCH - MGMP20329-12 - MOVIES,152.27,,,,0
2026-01-01,SmartyAds - CTV (Canada),151.36,,,,0
2026-07-01,TTD - Desktop [Display],150.4,150.4,,,0
2025-04-01,TrueX Cox AVOD,150.08,,,,0
2025-04-01,SmartyAds - App (1st Price),149.91,,,,0
2025-04-01,SmartyAds - CTV (LG),149.15,,,,0
2025-01-01,Shaw FW,148.89,,,,0
2026-07-01,2607 - MGMPLUS - WESTIES - PROMO A - Pre-Premiere - MGMPHD363429 - MOVIES,148.72,148.72,,,0
2025-10-01,TrueX Samsung games,148.62,,,,0
2025-04-01,Viant - Desktop - 1st Price,148.62,,,,0
2025-04-01,Krush Media Web Video,146.7,,,,0
2025-04-01,Conversant AMC CTV (205656),142.4,,,,0
2025-07-01,TrueX Cox AVOD,142.16,,,22.56,0
2025-04-01,Conversant Filmrise CTV (203765),140.85,,,,0
2026-04-01,2604 - MGMPLUS - FROM S4 TRAILER - MGMPHD363410 - SERIES,140.29,,13.13,,0
2025-07-01,2509 - MGMPLUS - BILLY THE KID S3 TRAILER Cutdown - MGMPHD363273 (MOVIES),136.53,,,,0
2026-04-01,SmartyAds - CTV (Canada),135.11,,30.9,,0
2025-04-01,DeepIntent CTV OLV Demand,133.2,,,,0
2025-01-01,Conversant Xumo CTV (203761),130.97,,,,0
2025-10-01,2510 - MGMPLUS - OCTOBER XCH - MGMP20330-09 - (SERIES),130.32,,,,0
2025-01-01,Unruly Web 1st Price Video (Mobile Only),128.43,,,,0
2026-04-01,SmartyAds - CTV (1st Price),128.09,,34.68,,0
2025-04-01,2505 - MGMPLUS -  MAY 2025 XCH - MGMP20313-14 (SERIES Short Run),126.86,,,,0
2025-04-01,SmartyAds - Web (Taboola),126.0,,,,0
2025-01-01,Amobee - APP [Display],125.58,,,,0
2025-10-01,SmartyAds - CTV (LATAM),124.82,,,,0
2026-04-01,2606 - MGMPLUS - WESTIES PRE-PREMIERE - Promo A - MGMPHD363429 - SERIES,123.92,,,,0
2026-04-01,2606 - MGMPLUS - JUNE 2026 XCH - MGMP23455-13 - MOVIES,123.71,,,,0
2025-10-01,TTD - APP - 1st Price,123.19,,,,0
2025-10-01,2510 - MGMPLUS - OCTOBER XCH - MGMP20330-09 - (MOVIES),123.13,,,,0
2025-10-01,PlayWire RON,121.74,,,,0
2025-07-01,Bidswitch - APP Display,118.75,,,36.08,0
2026-01-01,0326 - MGMPLUS - AMERICAN CLASSIC TRAILER - MGMPHD363384 - SERIES,118.69,,,,0
2026-01-01,SmartyAds - CTV (Streaming Apps),118.18,,,,0
2025-01-01,TrueX Samsung games,117.54,,,,0
2025-01-01,Conversant Philo CTV (202994),116.45,,,,0
2025-04-01,IQM - Web Video - Open Auction,115.08,,,,0
2025-04-01,DeepIntent Web/InApp Display,114.53,,,,0
2026-01-01,Ad Theorent - APP Video 1st Price,114.21,,,,0
2025-07-01,Bidswitch - APP,113.9,,,7.5,0
2026-04-01,Philips_SC_Spain,112.84,,13.27,,0
2026-04-01,2606 - MGMPLUS - FROM S4 CRITICS PROMO - MGMPHD363434 - MOVIES,111.96,,,,0
2025-07-01,IQM - Web Video - Open Auction,111.53,,,9.89,0
2025-04-01,TTD - APP - 1st Price,109.85,,,,0
2026-04-01,2604 - MGMPLUS - APRIL 2026 XCH - MGMP23440-13 - MOVIES,108.71,,,,0
2025-04-01,Marketing Architects - CTV 1st Price (Hearst),108.22,,,,0
2026-07-01,IDVx Vizio $8 US,107.32,107.32,,,0
2025-04-01,Conversant Newsy  CTV (204776),107.02,,,,0
2025-04-01,Zhu Zhu Pets Animal City,105.93,,,,0
2025-10-01,Zhu Zhu Pets City November,105.87,,,,0
2026-07-01,Ad Theorent - APP Video 1st Price,103.48,103.48,,,0
2025-04-01,Conversant Philo CTV (125613) (b07bkpfxtj),103.34,,,,0
2026-07-01,Basis - CTV - oRTB - (Canada),102.85,102.85,,,0
2026-04-01,2604 - MGMPLUS - AMERICAN CLASSIC PROMO - MGMPHD363418 - SERIES,100.68,,100.68,,0
2025-10-01,Ad Theorent - APP Video 1st Price,100.68,,,,0
2026-07-01,Bidswitch - MW [Display],100.06,100.06,,,0
2025-04-01,Conversant Haystack CTV (204774),98.29,,,,0
2025-07-01,SimpliFi - CTV - 1st Price (Glewed),98.17,,,16.84,0
2025-04-01,Krush Media Web Display,97.63,,,,0
2026-07-01,Viant - APP - 1st Price,97.33,97.33,,,0
2025-01-01,TrueX Cox AVOD,96.96,,,,0
2025-04-01,0425 - MGMPLUS -  APRIL 2025 XCH PROMO - MGMP20312-14 - (SERIES until 4/13/25),95.53,,,,0
2025-01-01,Conversant Haystack CTV (204774),94.9,,,,0
2025-10-01,Bidswitch - Desktop [Display],92.97,,,,0
2025-10-01,Zhu Zhu Pets City October 2025,91.79,,,,0
2026-01-01,Bidswitch - MW [Display],91.42,,,,0
2026-01-01,MetaX Paramount $10.11,91.06,,,,0
2026-07-01,Viant - APP,89.05,89.05,,,0
2025-10-01,Verizon - CTV (Charter),88.87,,,,0
2025-07-01,Conversant Philo CTV (202994),88.76,,,22.41,0
2025-04-01,Conversant Philo CTV (202994),84.02,,,,0
2025-07-01,Zhu Zhu Pets City,83.41,,,31.16,0
2025-10-01,DeepIntent Web/InApp Display,83.11,,,,0
2025-04-01,Conversant Newsy  CTV (204775),81.84,,,,0
2025-04-01,Adtelligent - CTV (Fubo),80.84,,,,0
2025-07-01,Conversant Newsy  CTV (204776),80.55,,,12.19,0
2026-04-01,TrueX Samsung games,79.98,,7.38,,0
2026-04-01,2604 - MGMPLUS - FROM S4 TRAILER - MGMPHD363410 - MOVIES,79.41,,14.51,,0
2025-04-01,SmartyAds - CTV (Vizio),78.79,,,,0
2026-04-01,IDVx Vizio $8 US,77.55,,,,0
2025-10-01,Marketing Architects - CTV 1st Price (Hearst),77.21,,,,0
2025-07-01,SmartyAds - App [Display],77.05,,,18.26,0
2026-04-01,2606 - MGMPLUS - WESTIES - Pre-Premiere Promo A -  MGMPHD363429 - MOVIES,77.04,,,,0
2026-01-01,TrueX Samsung games,76.62,,,,0
2026-01-01,TrueX Cox AVOD,75.4,,,,0
2025-07-01,DeepIntent Web/InApp Display,75.36,,,14.26,0
2025-10-01,SkyDE_SkyMedia_$9,75.15,,,,0
2025-04-01,Amobee - APP [Display],75.14,,,,0
2025-04-01,Conversant Philo Android CTV (202995),73.4,,,,0
2026-01-01,Bidswitch - MW - 1st Price (HB),72.31,,,,0
2025-10-01,GroundTruth Display,72.08,,,,0
2025-07-01,Roku_videos_xandr_,71.53,,,30.99,0
2026-01-01,Verizon - CTV (Charter),70.89,,,,0
2026-07-01,Centro Display Web,69.95,69.95,,,0
2025-01-01,Unruly Web Display (Mobile Only),69.69,,,,0
2025-04-01,0425 - MGMPLUS - APRIL 2025 GOH S4 PROMO - MGMPF362973-01,68.84,,,,0
2025-01-01,Krush Media Web Display,68.09,,,,0
2026-07-01,Conversant - InApp - Open Auction,67.93,67.93,,,0
2025-07-01,Marketing Architects - CTV 1st Price (Hearst),67.34,,,4.81,0
2025-01-01,Comcast_SuperAwesome_43703_$9 Kids Tweens,66.93,,,,0
2025-04-01,Verizon - CTV (Charter),66.63,,,,0
2025-04-01,Sharethrough CTV Video - Targeting away from Not Approved list,66.45,,,,0
2025-04-01,0425 - MGMPLUS -  APRIL 2025 XCH PROMO - MGMP20312-14 - (SERIES FULL MONTH),66.2,,,,0
2025-04-01,Conversant Newsy CTV (203803),66.01,,,,0
2026-01-01,Conversant - Web - Open Auction - Video,65.84,,,,0
2025-10-01,SmartyAds - Web [Display] (Allow List 9.7.21),65.21,,,,0
2026-07-01,StackAdapt - Desktop - Open Auction,64.39,64.39,,,0
2026-07-01,Centro Video Web (1st Price),63.61,63.61,,,0
2025-07-01,IQM - CTV - Open Auction,63.15,,,3.94,0
2026-04-01,Marketing Architects - OTT,62.25,,0.63,,0
2025-10-01,Dork Diaries,62.23,,,,0
2025-07-01,Storygize - MW (1st Price),59.39,,,43.8,0
2026-07-01,Ad Theorent - Desktop/MW Display,58.31,58.31,,,0
2025-07-01,GroundTruth Display,57.43,,,16.13,0
2026-07-01,TTD - CTV (UK) ,56.86,56.86,,,0
2026-04-01,Krush Media Web Display,56.57,,7.21,,0
2026-04-01,GroundTruth Video CTV - Efficiency Monitoring,55.45,,3.28,,0
2025-01-01,Ad Theorent - CTV (LQPS Audit),54.09,,,,0
2025-01-01,Madhive - Desktop,53.88,,,,0
2026-04-01,TTD - APP - 1st Price,53.69,,1.53,,0
2025-07-01,Conversant Haystack CTV (204774),53.58,,,4.16,0
2025-07-01,Conversant Newsy CTV (203803),53.5,,,8.9,0
2026-04-01,Ad Theorent - APP [Display],53.21,,15.37,,0
2025-01-01,Conversant AMC CTV (205656) (G15147002586),51.42,,,,0
2025-07-01,Verizon - CTV (Charter),51.24,,,2.09,0
2026-07-01,DeepIntent CTV OLV Demand,50.83,50.83,,,0
2025-04-01,Ad Theorent - CTV (LQPS Audit),50.59,,,,0
2025-07-01,Conversant Newsy  CTV (204775),49.74,,,8.06,0
2025-07-01,Roku_games_xandr_$9,49.59,,,27.17,0
2026-04-01,DeepIntent Web/InApp Display,49.44,,0.48,,0
2026-07-01,Octillion - CTV - Open,49.25,49.25,,,0
2025-01-01,Conversant Philo CTV (125613) (b07bkpfxtj),48.35,,,,0
2025-04-01,Conversant Xumo CTV (203761),47.68,,,,0
2026-01-01,Bidswitch - APP 1st Price,47.59,,,,0
2026-04-01,Bidswitch - APP 1st Price,46.86,,22.32,,0
2025-10-01,SimpliFi - Seedtag,46.47,,,,0
2026-07-01,LoopMe DSP Lottery Campaign copy (deal mimic),46.08,46.08,,,0
2026-07-01,Bidswitch - CTV (Charter),46.06,46.06,,,0
2025-01-01,DeepIntent Web/InApp Display,46.05,,,,0
2025-07-01,SmartyAds - CTV (Vizio),45.81,,,1.14,0
2025-07-01,Conversant Future Today CTV (225478),45.11,,,4.93,0
2025-01-01,Conversant Future Today CTV (225478),44.94,,,,0
2026-07-01,Bidswitch - Desktop [Display],43.9,43.9,,,0
2025-10-01,Bidswitch - APP,43.81,,,,0
2025-04-01,Madhive - Desktop,43.73,,,,0
2025-07-01,WINGSTOP LIGAMX FEMENIL_SEP_25,43.73,,,,0
2025-01-01,Unruly Web Display (Desktop Only),43.27,,,,0
2026-01-01,Bidswitch - APP,42.66,,,,0
2026-04-01,TrueX Cox AVOD,42.54,,4.02,,0
2025-01-01,Conversant Newsy  CTV (204776),42.24,,,,0
2025-04-01,Conversant AMC CTV (205656) (G15147002586),42.05,,,,0
2025-01-01,2503 - MGMPLUS - NINE BODIES IN A MEXICAN MORGUE - XCH PROMO - MGMPF362935-01 - ORIGINAL SERIES,41.66,,,,0
2025-10-01,Adtelligent - CTV (Fubo),41.44,,,,0
2025-04-01,Conversant Future Today CTV (225478),40.47,,,,0
2026-07-01,Sharethrough CTV Video - Shamrock Farms Bundle Optimized,39.59,39.59,,,0
2026-07-01,Bidswitch - APP Display,39.11,39.11,,,0
2025-01-01,*DNU* Aceex - News - Web Display - TEGNASOURCED 090924,37.83,,,,0
2025-01-01,Conversant Newsy  CTV (204775),37.44,,,,0
2026-07-01,Lemma DSP Inapp Video,37.43,37.43,,,0
2025-04-01,Amobee - APP 1st Price,36.3,,,,0
2025-07-01,Conversant AMC CTV (205656) (G15147002586),35.19,,,7.4,0
2025-04-01,MetaX Paramount $10.11,35.14,,,,0
2026-04-01,Bidswitch - MW [Display],34.32,,1.37,,0
2026-04-01,SmartyAds - CTV (Paramount),34.29,,14.0,,0
2025-01-01,Conversant Cheddar CTV (225831),34.13,,,,0
2025-01-01,2503 - MGMPLUS - MARCH 2025 XCH - MGMP20309-14 - ORIGINAL SERIES  -SPECIAL REQ,32.75,,,,0
2025-04-01,Viant - MW - 1st Price,32.56,,,,0
2025-07-01,Conversant Philo Android CTV (202995),31.48,,,6.42,0
2025-10-01,Bidswitch - APP Display,31.41,,,,0
2025-01-01,Beeswax - CTV - Open Auction (Charter Political),31.03,,,,0
2026-07-01,TTD - APP - 1st Price,30.55,30.55,,,0
2025-10-01,IQM - Web Video - Open Auction,30.12,,,,0
2025-10-01,Ad Theorent - Desktop Video (LQPS Audit),30.12,,,,0
2025-01-01,PlayWire RON,29.99,,,,0
2026-01-01,Krush Media Web Display,29.96,,,,0
2026-01-01,Bidswitch - APP Display,29.49,,,,0
2026-04-01,MetaX Paramount $10.11,29.48,,1.51,,0
2025-10-01,FS_VD_WINGSTOP_LIGAMX_OCT25,28.45,,,,0
2025-01-01,Aceex - (Samsung) CTV,27.61,,,,0
2025-01-01,Conversant Newsy CTV (203803),27.12,,,,0
2025-10-01,Lemma DSP CTV Ad (COPPA),26.99,,,,0
2026-04-01,Equative CTV Video (copy),26.38,,,,0
2025-01-01,Viant - MW - 1st Price,26.35,,,,0
2025-04-01,IQM - CTV - Open Auction,25.79,,,,0
2026-07-01,Beeswax UR Improvement Tier 3 (Low UR),25.63,25.63,,,0
2026-07-01,Philips_SC_Spain,25.2,25.2,,,0
2026-01-01,TTD - APP - 1st Price,24.73,,,,0
2025-01-01,IQM - CTV - Open Auction,24.64,,,,0
2026-01-01,IQM - Web Video - Open Auction,24.48,,,,0
2025-10-01,SmartyAds - CTV (Vizio),24.45,,,,0
2026-07-01,StackAdapt - APP - Open Auction,24.22,24.22,,,0
2026-04-01,Krush Media Web Video,24.16,,12.09,,0
2025-01-01,Conversant Philo Android CTV (202995),23.11,,,,0
2025-01-01,Bidswitch - CTV (Charter),22.39,,,,0
2026-07-01,2607 - MGMPLUS - JULY XCH  - MGMP23457-13 - SERIES,21.54,21.54,,,0
2025-07-01,0,21.16,,,1.66,0
2025-10-01,Mighty Wheels November 2025,21.08,,,,0
2025-04-01,The Media Sense DSP CTV Ads Direct,20.81,,,,0
2025-10-01,Mighty Wheels October 2025,20.79,,,,0
2026-04-01,SmartyAds - CTV (LATAM),20.17,,2.35,,0
2025-04-01,SmartyAds - CTV (Fubo),20.0,,,,0
2025-01-01,Conversant Future Today CTV (225474),19.48,,,,0
2026-07-01,IQM - CTV - Open Auction,19.13,19.13,,,0
2025-01-01,Conversant Newsy CTV (202814),18.91,,,,0
2025-10-01,Mighty Wheels December 2025,18.88,,,,0
2025-07-01,Madhive - Desktop,18.75,,,3.65,0
2026-07-01,Viant - Desktop [Display],18.48,18.48,,,0
2026-01-01,GroundTruth Video CTV - Efficiency Monitoring,18.46,,,,0
2025-01-01,Sharethrough CTV Video,18.3,,,,0
2025-07-01,IQM - Display - Open Auction,18.17,,,2.63,0
2026-04-01,SmartyAds - CTV (Streaming Apps),18.05,,7.86,,0
2025-04-01,Samsung_SuperAwesome_ Kids Tweens,17.95,,,,0
2025-07-01,Conversant Newsy CTV (202814),17.92,,,2.33,0
2025-07-01,Conversant Xumo CTV (203761),17.91,,,1.8,0
2026-01-01,GroundTruth Display,16.89,,,,0
2026-07-01,Centro Video InApp,16.57,16.57,,,0
2026-04-01,Bidswitch - APP,16.4,,4.96,,0
2025-04-01,Conversant Future Today CTV (225474),15.77,,,,0
2025-01-01,LEAP McDonalds (2026),15.73,,,,0
2025-07-01,MadHive - APP - 1st Price,15.39,,,1.79,0
2026-04-01,Bidswitch - CTV (AMC),15.33,,0.73,,0
2026-07-01,DeepIntent Web/InApp Display,15.28,15.28,,,0
2025-04-01,Conversant Newsy CTV (202814),15.12,,,,0
2025-10-01,Bidswitch - CTV (AMC),14.77,,,,0
2025-10-01,SmartyAds - CTV (LG),14.74,,,,0
2025-07-01,SmartyAds - CTV (Fubo),14.64,,,0.31,0
2026-07-01,TTD - CTV (LATAM),13.87,13.87,,,0
2025-04-01,IQM - Display - Open Auction,13.82,,,,0
2025-01-01,Roku SA Kids Tweens Excluding Latam,13.79,,,,0
2026-01-01,SmartyAds - Web (Taboola),13.63,,,,0
2025-01-01,Verizon - CTV (Charter),13.63,,,,0
2026-01-01,Philips_SC_Spain,13.22,,,,0
2026-07-01,SmartyAds - CTV (1st Price),12.56,12.56,,,0
2026-04-01,Krush Media Video - CTV Direct (700),12.24,,6.02,,0
2025-04-01,Stirista - Open Auction - OLV (InApp),12.24,,,,0
2025-01-01,Madhive - MW,11.93,,,,0
2025-01-01,Conversant Happy Kids CTV (223878) (Bundle ID 32614),11.9,,,,0
2025-07-01,TTD - APP - 1st Price,11.8,,,0.64,0
2025-04-01,Conversant Future Today CTV (225473),11.51,,,,0
2025-04-01,MadHive - APP - 1st Price,11.46,,,,0
2025-07-01,Mighty Wheels August 2025,11.36,,,,0
2025-04-01,Bidswitch - CTV (AMC),11.33,,,,0
2025-10-01,Krush Media Web Display,11.24,,,,0
2025-01-01,LowBrow_30Sec_#1,11.22,,,,0
2025-07-01,Conversant Future Today CTV (225474),11.17,,,2.03,0
2026-04-01,IQM - Web Video - Open Auction,11.04,,4.14,,0
2026-04-01,MetaX A&amp;E Networks $16,10.65,,,,0
2025-01-01,Ad Theorent - MW (LQPS Audit),10.3,,,,0
2025-01-01,SmartyAds - CTV (Indirect),10.29,,,,0
2025-01-01,Conversant Future Today CTV (225473),10.22,,,,0
2025-07-01,Mighty Wheels September 2025,10.2,,,,0
2026-07-01,TrueX Samsung games,9.9,9.9,,,0
2026-07-01,Bidswitch - CTV (AMC),9.74,9.74,,,0
2026-07-01,Verizon - CTV (Charter),9.21,9.21,,,0
2026-04-01,Equative CTV Main,9.19,,,,0
2026-07-01,SmartyAds - CTV (Samsung),9.02,9.02,,,0
2026-07-01,Marketing Architects - OTT,8.95,8.95,,,0
2026-04-01,Marketing Architects - CTV 1st Price (Hearst),8.55,,4.54,,0
2025-01-01,Conversant NBC CTV (203766),8.39,,,,0
2025-04-01,Conversant Cheddar CTV (225831),8.35,,,,0
2025-07-01,Mighty Wheels September 2025 Dub01,8.27,,,,0
2025-07-01,LEAP McDonalds (2026),8.23,,,2.44,0
2025-04-01,LG_SuperAwesome_$9 Kids Tweens,8.01,,,,0
2025-01-01,Unruly Web 1st Price Video (Desktop Only),7.85,,,,0
2026-07-01,Equative CTV Video (copy),7.76,7.76,,,0
2025-07-01,Conversant Future Today CTV (225473),7.76,,,1.35,0
2025-04-01,Conversant Happy Kids CTV (223878) (Bundle ID 32614),7.64,,,,0
2025-07-01,Bidswitch - CTV (AMC),7.53,,,0.04,0
2025-01-01,2412-MGMPLUS-DEC 2024 XCH - MGMP20292-15 (SERIES),7.52,,,,0
2025-10-01,2509 - MGMPLUS - BILLY THE KID S3 TRAILER Cutdown - MGMPHD363273 - SERIES,7.39,,,,0
2026-04-01,Philips Zeasn,7.33,,0.04,,0
2025-01-01,Bidswitch - CTV (AMC),7.25,,,,0
2026-07-01,Conversant - Web - Open Auction - Display,7.11,7.11,,,0
2025-04-01,Ad Theorent - MW (LQPS Audit),6.87,,,,0
2025-04-01,Conversant Future Today CTV (225391),6.7,,,,0
2026-07-01,2607 - MGMPLUS - JULY XCH - MGMP23457-13 - MOVIES,6.68,6.68,,,0
2025-04-01,LEAP McDonalds ,6.55,,,,0
2026-04-01,Bidswitch - Desktop - 1st Price (HB),6.43,,0.99,,0
2025-07-01,Krush Media Web Display,6.25,,,0.67,0
2026-07-01,2606 - MGMPLUS - WESTIES PRE-PREMIERE - Promo A - MGMPHD363429 - SERIES,6.18,6.18,,,0
2025-01-01,Conversant Outside CTV (203821),6.14,,,,0
2026-07-01,TrueX Cox AVOD,6.12,6.12,,,0
2025-04-01,Madhive - MW,6.09,,,,0
2025-10-01,Stirista - Desktop [Display],6.05,,,,0
2026-07-01,Marketing Architects - CTV 1st Price - Roku Device Targeting Only,5.98,5.98,,,0
2025-10-01,Stirista - APP [Display],5.98,,,,0
2026-07-01,Equative CTV Main,5.91,5.91,,,0
2025-07-01,Mighty Wheels September 2025 Dub02,5.87,,,,0
2026-07-01,Sharethrough InApp Video (Open Auction),5.85,5.85,,,0
2025-01-01,Samsung_SuperAwesome_ Kids Tweens,5.81,,,,0
2026-07-01,SmartyAds - CTV (Canada),5.77,5.77,,,0
2026-01-01,DeepIntent Web/InApp Display,5.75,,,,0
2025-07-01,2506 - MGMPLUS - JUNE XCH - SERIES - MGMP20316-12 ,5.61,,,5.61,0
2025-04-01,Conversant Outside CTV (203821),5.57,,,,0
2025-10-01,SmartyAds - App [Display],5.55,,,,0
2025-04-01,Conversant OutsideTV CTV (204777),5.25,,,,0
2026-01-01,Lemma DSP CTV Ad (COPPA),5.2,,,,0
2025-07-01,Madhive - MW,5.1,,,0.86,0
2025-04-01,Ad Theorent - APP Video (LQPS Audit),5.05,,,,0
2026-01-01,2512 - MGMPLUS - DECEMBER 2025 - ROBIN HOOD PP CRITICS PROMO - MGMPHD363339-01 - SERIES ,5.04,,,,0
2025-04-01,LEAP McDonalds (2026),4.85,,,,0
2025-07-01,2506 - MGMPLUS - JUNE XCH - MOVIES - MGMP20316-12,4.69,,,4.69,0
2026-07-01,SmartyAds - CTV (Paramount),4.67,4.67,,,0
2025-04-01,Shaw FW,4.65,,,,0
2025-07-01,Zombies 4  Day and Date Afternoon (Urgency),4.65,,,4.65,0
2025-01-01,Stirista - Open Auction - OLV (InApp),4.46,,,,0
2025-04-01,Conversant NBC CTV (203766),4.4,,,,0
2025-07-01,IQM - In-App Video - Open Auction,4.38,,,0.46,0
2025-04-01,Bidswitch - CTV (Charter),4.31,,,,0
2025-10-01,LEAP McDonalds ,4.27,,,,0
2025-01-01,Beeswax Deal - Desktop/MW,4.26,,,,0
2025-04-01,Conversant Future Today CTV (225477),4.23,,,,0
2025-07-01,Conversant Happy Kids CTV (223878) (Bundle ID 32614),4.19,,,0.58,0
2025-07-01,Ad Theorent - Desktop Video (LQPS Audit),4.1,,,0.31,0
2025-01-01,Conversant Future Today CTV (225477),4.07,,,,0
2025-10-01,MetaX A&amp;E Networks $16,3.94,,,,0
2026-01-01,Bidswitch - CTV (AMC),3.81,,,,0
2026-01-01,IQM - Display - Open Auction,3.75,,,,0
2025-01-01,Conversant OutsideTV CTV (204777),3.68,,,,0
2025-10-01,Roku_videos_xandr_,3.57,,,,0
2026-07-01,MetaX A&amp;E Networks $16,3.46,3.46,,,0
2025-04-01,Centro Video InApp,3.46,,,,0
2025-10-01,Roku_games_xandr_$9,3.39,,,,0
2025-07-01,Conversant Outside CTV (203821),3.38,,,0.49,0
2025-01-01,Centro Video InApp,3.36,,,,0
2025-10-01,F0044470 FFC ESPECIAL SABADO 15,3.26,,,,0
2025-04-01,Vizio_SuperAwesome_10 Kids Tweens (copy),3.25,,,,0
2025-04-01,Vizio_SuperAwesome_ Kids Tweens,3.24,,,,0
2025-10-01,0,3.19,,,,0
2026-04-01,Ad Theorent - Desktop Video (LQPS Audit),3.09,,0.36,,0
2026-07-01,2606 - MGMPLUS - WESTIES - Pre-Premiere Promo A -  MGMPHD363429 - MOVIES,3.07,3.07,,,0
2025-07-01,Zhu Zhu Pets Animal City,3.03,,,3.03,0
2026-07-01,MetaX Paramount $10.11,3.02,3.02,,,0
2026-07-01,Bidswitch - APP,3.02,3.02,,,0
2025-07-01,Conversant Future Today CTV (225391),3.01,,,0.38,0
2025-10-01,Centro Video InApp,2.96,,,,0
2025-04-01,Marketing Architects - PlayerWON,2.81,,,,0
2025-01-01,2412-MGMPLUS-DEC 2024 XCH - MGMP20292-15 (MOVIES),2.79,,,,0
2026-07-01,Bidswitch - Desktop - 1st Price (HB),2.75,2.75,,,0
2025-04-01,2503 - MGMPLUS - MARCH 2025 XCH - MGMP20309-14 - ORIGINAL SERIES,2.74,,,,0
2026-04-01,IQM - Display - Open Auction,2.64,,0.68,,0
2026-07-01,SmartyAds - CTV (LATAM),2.62,2.62,,,0
2025-10-01,IQM - Display - Open Auction,2.62,,,,0
2026-01-01,SmartyAds - CTV (LG),2.59,,,,0
2026-07-01,Krush Media Web Display,2.57,2.57,,,0
2025-07-01,Zombies 4 Now Available Afternoon (Urgency),2.48,,,2.18,0
2025-01-01,Ad Theorent - Desktop Video (LQPS Audit),2.29,,,,0
2025-01-01,BizzClick - App (Indirect),2.19,,,,0
2026-01-01,Marketing Architects - CTV 1st Price - Roku Device Targeting Only,2.14,,,,0
2025-07-01,Conversant OutsideTV CTV (204777),2.1,,,0.17,0
2025-10-01,2509 - MGMPLUS - BILLY THE KID S3 TRAILER Cutdown - MGMPHD363273 (MOVIES),2.06,,,,0
2026-04-01,0326 - MGMPLUS -  AMERICAN CLASSIC PROMO - MGMPHD363384 - MOVIES ,2.06,,2.06,,0
2025-04-01,2503 - MGMPLUS - MARCH 2025 XCH - MGMP20309-14 - MOVIES,2.04,,,,0
2025-04-01,Beeswax - CTV - Open Auction (Charter Political),2.01,,,,0
2025-04-01,ATT_SuperAwesome_44121 Kids Tweens,1.97,,,,0
2025-10-01,Stirista - MW [Display],1.95,,,,0
2026-07-01,SmartyAds - CTV (Streaming Apps),1.88,1.88,,,0
2025-01-01,Conversant Future Today CTV (225391),1.85,,,,0
2025-04-01,Groundtruth Video In-App,1.85,,,,0
2025-01-01,IQM - In-App Video - Open Auction,1.84,,,,0
2025-07-01,Centro Video InApp,1.78,,,0.14,0
2026-04-01,0326 - MGMPLUS - AMERICAN CLASSIC TRAILER - MGMPHD363384 - SERIES,1.65,,1.65,,0
2025-01-01,Media Pulse - CTV (Samsung $15),1.64,,,,0
2026-07-01,Conversant - Web - Open Auction - Video,1.64,1.64,,,0
2026-07-01,GroundTruth Video CTV - Efficiency Monitoring,1.57,1.57,,,0
2026-04-01,Lemma DSP CTV Ad (COPPA),1.53,,,,0
2025-07-01,Marketing Architects - PlayerWON,1.53,,,0.25,0
2026-07-01,Bidswitch - APP 1st Price,1.51,1.51,,,0
2026-07-01,Krush Media Video - CTV Direct (700),1.51,1.51,,,0
2025-04-01,Ad Theorent - Desktop Video (LQPS Audit),1.48,,,,0
2025-01-01,Marketing Architects - PlayerWON,1.48,,,,0
2026-01-01,Stirista - Desktop [Display],1.45,,,,0
2025-01-01,Groundtruth Video In-App,1.44,,,,0
2025-10-01,IQM - In-App Video - Open Auction,1.43,,,,0
2025-10-01,Bidswitch - CTV (Charter),1.41,,,,0
2025-07-01,Stirista - APP [Display],1.39,,,,0
2025-01-01,Ad Theorent - APP Video (LQPS Audit),1.33,,,,0
2025-01-01,Lemma DSP Inapp Video,1.33,,,,0
2026-01-01,Stirista - MW [Display],1.33,,,,0
2026-01-01,IQM - In-App Video - Open Auction,1.24,,,,0
2026-01-01,Bidswitch - CTV (Charter),1.23,,,,0
2025-07-01,Stirista - Open Auction - OLV (InApp),1.16,,,0.17,0
2025-07-01,Bidswitch - CTV (Charter),1.14,,,,0
2026-07-01,Stirista - Open Auction - OLV (InApp),1.08,1.08,,,0
2025-07-01,Stirista - Desktop [Display],1.01,,,,0
2026-01-01,SmartyAds - CTV (Vizio),0.99,,,,0
2025-01-01,BizzClick - CTV (Indirect),0.98,,,,0
2025-01-01,Conversant  Newsy VIZIO CTV (203829),0.86,,,,0
2026-07-01,Ad Theorent - Desktop Video (LQPS Audit),0.86,0.86,,,0
2025-04-01,Media Pulse - CTV (Samsung $15),0.85,,,,0
2026-01-01,MetaX A&amp;E Networks $16,0.82,,,,0
2025-04-01,2503 - MGMPLUS - NINE BODIES IN A MEXICAN MORGUE - XCH PROMO - MGMPF362935-01 - ORIGINAL SERIES,0.82,,,,0
2025-04-01,Conversant Future Today CTV (225790),0.81,,,,0
2025-01-01,LEAP 4imprint March 2025,0.81,,,,0
2026-01-01,Philips Zeasn,0.76,,,,0
2025-04-01,Conversant  Newsy VIZIO CTV (203829),0.74,,,,0
2025-10-01,SmartyAds - CTV (Fubo),0.71,,,,0
2025-04-01,IQM - In-App Video - Open Auction,0.67,,,,0
2026-01-01,Ad Theorent - Desktop Video (LQPS Audit),0.66,,,,0
2025-01-01,CUERVO_DOBEL_NFL_DIC24,0.56,,,,0
2026-01-01,Stirista - Open Auction - OLV (InApp),0.54,,,,0
2026-07-01,GroundTruth Display,0.51,0.51,,,0
2025-04-01,LEAP 4imprint March 2025,0.49,,,,0
2025-01-01,DeepIntent - Seedtag,0.45,,,,0
2026-01-01,Beachfront Marketplace,0.44,,,,0
2025-01-01,LG_SuperAwesome_$9 Kids Tweens,0.43,,,,0
2026-04-01,Marketing Architects - CTV 1st Price - Roku Bundles,0.43,,0.4,,0
2025-04-01,Conversant Pluto CTV (204778) (list targeted),0.42,,,,0
2026-04-01,Krush Media Inapp Video,0.4,,,,0
2026-07-01,IQM - Web Video - Open Auction,0.4,0.4,,,0
2026-01-01,Stirista - APP [Display],0.39,,,,0
2026-04-01,IQM - In-App Video - Open Auction,0.38,,0.17,,0
2026-07-01,Philips Zeasn,0.37,0.37,,,0
2025-01-01,Conversant Future Today CTV (225790),0.37,,,,0
2025-07-01,Stirista - MW [Display],0.36,,,,0
2025-01-01,Sharethrough CTV Video (Client Optimization),0.33,,,,0
2025-01-01,SmartyAds - DOOH,0.33,,,,0
2026-01-01,4INFO - CTV - 1st Price,0.32,,,,0
2026-04-01,0,0.29,,0.02,,0
2026-04-01,Stirista - APP [Display],0.28,,,,0
2025-04-01,DeepIntent - Seedtag,0.25,,,,0
2026-07-01,IQM - Display - Open Auction,0.25,0.25,,,0
2026-01-01,Mighty Wheels December 2025,0.22,,,,0
2025-01-01,Vizio_SuperAwesome_10 Kids Tweens (copy),0.2,,,,0
2025-07-01,Beachfront Marketplace,0.18,,,,0
2026-07-01,Ad Theorent - APP [Display],0.18,0.18,,,0
2026-01-01,Conversant - CTV - Open Auction (Charter),0.18,,,,0
2026-04-01,Stirista - Open Auction - OLV (InApp),0.17,,0.04,,0
2026-04-01,Bidswitch - MW - 1st Price (HB),0.16,,0.04,,0
2025-10-01,Marketing Architects - PlayerWON,0.16,,,,0
2026-04-01,Beachfront Marketplace,0.15,,0.15,,0
2025-10-01,1PlayWorks test,0.13,,,,0
2025-01-01,SkyUK_SuperAwesome_KidsTweens,0.11,,,,0
2025-01-01,Roku_SuperAwesome_$9_Teens,0.11,,,,0
2025-01-01,Vizio_SuperAwesome_ Kids Tweens,0.1,,,,0
2025-01-01,Unruly InApp 1st Price Video,0.09,,,,0
2025-01-01,Conversant Pluto CTV (204778) (list targeted),0.09,,,,0
2026-07-01,Krush Media Web Video,0.09,0.09,,,0
2025-04-01,SkyUK_SuperAwesome_KidsTweens,0.08,,,,0
2026-01-01,Marketing Architects - PlayerWON,0.07,,,,0
2025-04-01,Stirista - Open Auction - OLV (Web),0.07,,,,0
2025-04-01,Sharethrough CTV Video (Client Optimization),0.07,,,,0
2025-07-01,1PlayWorks test,0.07,,,,0
2026-04-01,Marketing Architects - PlayerWON,0.07,,0.04,,0
2026-01-01,1PlayWorks test,0.06,,,,0
2025-07-01,Stirista - Open Auction - OLV (Web),0.06,,,,0
2026-04-01,Conversant - CTV - Open Auction (Charter),0.06,,,,0
2025-07-01,LEAP McDonalds ,0.05,,,,0
2025-10-01,Mighty Wheels September 2025 Dub01,0.05,,,,0
2025-04-01,Conversant Future Today CTV (225835),0.05,,,,0
2026-04-01,Stirista - Desktop [Display],0.05,,,,0
2025-04-01,1PlayWorks test,0.05,,,,0
2026-04-01,Stirista - MW [Display],0.04,,,,0
2025-10-01,LEAP McDonalds (2026),0.04,,,,0
2025-04-01,Conversant Future Today CTV (225834),0.04,,,,0
2025-10-01,Mighty Wheels September 2025,0.04,,,,0
2025-04-01,Roku_SuperAwesome_$9_TankeeAvod,0.04,,,,0
2025-04-01,Conversant Future Today CTV (225389),0.04,,,,0
2025-01-01,Roku_SuperAwesome_$9_TankeeAvod (copy),0.03,,,,0
2025-10-01,Stirista - Open Auction - OLV (InApp),0.03,,,,0
2025-01-01,1PlayWorks test,0.03,,,,0
2025-07-01,Bidswitch -RTB- Getintent-Whitelist- Web Display,0.03,,,,0
2025-01-01,Conversant Future Today CTV (225389),0.03,,,,0
2025-07-01,DeepIntent - Seedtag,0.03,,,0.01,0
2026-07-01,Stirista - APP [Display],0.03,0.03,,,0
2025-04-01,Roku_SuperAwesome_$9_Teens,0.03,,,,0
2026-07-01,Conversant - CTV - Open Auction (Charter),0.02,0.02,,,0
2025-01-01,Conversant Future Today CTV (225835),0.02,,,,0
2025-01-01,Conversant Future Today CTV (225834),0.02,,,,0
2025-01-01,Roku_SuperAwesome_$9_TankeeAvod,0.02,,,,0
2025-01-01,SkyDE_SuperAwesome_$9 (copy),0.02,,,,0
2025-10-01,Mighty Wheels September 2025 Dub02,0.02,,,,0
2025-01-01,Xandr STB VOD,0.02,,,,0
2025-10-01,Bidswitch -RTB- Getintent-Whitelist- Web Display,0.02,,,,0
2025-01-01,Bidswitch - STB VOD,0.02,,,,0
2025-01-01,MetaX A&amp;E Networks $16,0.02,,,,0
2026-07-01,Lemma DSP CTV Ad (COPPA),0.02,0.02,,,0
2025-04-01,Xandr STB VOD,0.02,,,,0
2025-04-01,Roku_SuperAwesome_$9_TankeeAvod (copy),0.02,,,,0
2026-07-01,Bidswitch - MW - 1st Price (HB),0.02,0.02,,,0
2026-07-01,0,0.02,0.02,,,0
2026-01-01,Marketing Architects - CTV 1st Price - Roku Bundles,0.02,,,,0
2025-04-01,Conversant Future Today CTV (225500),0.02,,,,0
2025-01-01,ATT_SuperAwesome_44121 Kids Tweens,0.01,,,,0
2025-01-01,Stirista - Open Auction - OLV (Web),0.01,,,,0
2026-04-01,Stirista - Open Auction - OLV (Web),0.01,,,,0
2026-07-01,Stirista - Open Auction - OLV (Web),0.01,0.01,,,0
2026-04-01,Equative InApp Video (Open Auction) (copy),0.01,,,,0
2026-01-01,Roku_games_xandr_$9,0.01,,,,0
